
SET SQL_MODE="NO_AUTO_VALUE_ON_ZERO";

--
-- Dumping data for table `eswap_client_module_category`
--

INSERT INTO `eswap_client_module_category` (`nCategoryId`, `nParentId`, `vCategoryTitle`, `vCategoryFile`, `nCposition`, `vActive`, `nTmp_status`) VALUES
(1, 19, 'Home', 'index.php', 'Top', '1', 0),
(2, 19, 'Sell', 'salelistdetailed.php', 'Top', '1', 1),
(3, 19, 'Wish', 'wishlistdetailed.php', 'Top', '1', 1),
(4, 19, 'Swap', 'swaplistdetailed.php', 'Top', '1', 1),
(5, 19, 'Register', 'register.php', 'Top', '0', 0),
(6, 19, 'Login', 'login.php', 'TopHeader', '0', 0),
(7, 19, 'Online Members', 'online_members.php', 'Top', '1', 1),
(8, 22, 'My Booth', 'usermain.php', 'Top', '1', 0),
(9, 22, 'Logout', 'logout.php', 'TopHeader', '0', 0),
(10, 21, 'About Us', 'aboutus.php', 'Footer', '1', 1),
(11, 21, 'Privacy Policy', 'privacy.php', 'Footer', '1', 1),
(12, 21, 'Terms', 'terms.php', 'Footer', '1', 1),
(13, 21, 'Tell A Friend', 'tell_friend.php', 'Footer', '1', 1),
(15, 21, 'FAQ', 'faq.php', 'Footer', '1', 1),
(16, 21, 'Contact Us', 'contactus.php', 'Footer', '1', 1),
(17, 21, 'Help', 'help.php', 'Footer', '1', 1),
(18, 21, 'Site Map', 'sitemap.php', 'Footer', '1', 1),
(19, 0, 'Top Section', '', 'Top', '1', 0),
(21, 0, 'Footer', '', 'Footer', '1', 0),
(22, 0, 'Logged', '', 'Logged', '1', 0),
(23, 19, 'Category Display', 'categorydetail.php', 'Top', '1', 1);

--
-- Dumping data for table `eswap_content`
--

INSERT INTO `eswap_content` (`content_id`, `content_name`, `content_type`, `content_status`) VALUES
(1, 'sitetitle', '', 'y'),
(2, 'sitename', '', 'y'),
(3, 'Meta Keywords', '', 'y'),
(4, 'Meta Description', '', 'y'),
(5, 'headerCaption', '', 'y'),
(6, 'PointName', '', 'y'),
(7, 'contact', 'page', 'y'),
(8, 'about', 'page', 'y'),
(9, 'wish', 'page', 'y'),
(10, 'swap', 'page', 'y'),
(11, 'sell', 'page', 'y'),
(12, 'privacy', 'page', 'y'),
(13, 'terms', 'page', 'y'),
(14, 'hintro', 'page', 'n'),
(15, 'addsales', 'email', 'y'),
(16, 'addsurvey', 'email', 'y'),
(17, 'soldout', 'email', 'y'),
(18, 'contactus', 'email', 'y'),
(19, 'featured', 'email', 'y'),
(20, 'forgotpass', 'email', 'y'),
(21, 'welcomeMailUser', 'email', 'y'),
(23, 'passwordreset', 'email', 'y'),
(24, 'tellfrnd', 'email', 'y'),
(25, 'settled', 'email', 'y'),
(26, 'userRegisterEmailFromAdmin', 'email', 'y'),
(27, 'plansubcancel', 'email', 'y'),
(28, 'expired', 'email', 'y'),
(29, 'pointsPurchasedMailToUser', 'email', 'y'),
(30, 'SuccessFeeMailToUser', 'email', 'y'),
(31, 'cashback', 'page', 'y'),
(32, 'activationLinkOnRegister', 'email', 'y'),
(33, 'registrationNotificationAdmin', 'email', 'y'),
(34, 'pointsPurchasedMailToAdmin', 'email', 'y'),
(35, 'SuccessFeeMailToAdmin', 'email', 'y'),
(36, 'soldoutMailToBuyer', 'email', 'y'),
(38, 'paymentLinkForMonthlyFee', 'email', 'y'),
(39, 'SuccessMonthlyFeeMailToUser', 'email', 'y'),
(40, 'SuccessMonthlyFeeMailToAdmin', 'email', 'y'),
(41, 'soldoutMailToAdmin', 'email', 'y');


--
-- Dumping data for table `eswap_content_lang`
--

INSERT INTO `eswap_content_lang` (`content_lang_id`, `content_id`, `lang_id`, `content`, `content_title`) VALUES
(1, 1, 1, 'Swap everything', ''),
(2, 2, 1, 'Swap everything', ''),
(3, 7, 1, '\r\n  Use the following form to leave us a feedback.    \r\n\r\n', 'Contact Us'),
(4, 8, 1, '\r\n      <span style="FONT-WEIGHT: bold">We''re not just a website we''re a community!</span><br /><br />This site is an on-line swapping service, where members can access details about other members unwanted items, and list items on the site themselves they no longer need, then make request for wanted goods. Our main aim is to help our members get rid of their unwanted items and enable them to find goods they need amongst each other at no cost.<br /><br />This site was born out of the insight that many individuals today struggle deciding what to do with items they no longer have use for. We have found that, more often than not, these items are usually trashed or totally disregarded and you know what they say "One Man''s Trash is Another Man''s Treasure." With that in mind, we recognized that there was indeed a place in today''s economy for these individuals, and that place is here!<br /><br />Our staff, is fully committed to insuring that every user in our community is catered to. In addition, our staff is constantly conversing amongst each other sharing new ideas and thoughts to accommodate you. We''d love to hear your ideas and thoughts too! We hope that you enjoy our site and all of the benefits it brings to you. <br />            \r\n\r\n', 'About Us'),
(5, 9, 1, '\r\n      Get an article you have been looking for at a better price.        \r\n\r\n', 'Wish'),
(6, 10, 1, '\r\n    Clear out your house hold items by swapping it with something you need.        \r\n\r\n', 'Swap'),
(7, 11, 1, '\r\n            Sell your used or unused items at a better price!        \r\n\r\n', 'Sell'),
(8, 12, 1, '\r\n    We recognize the importance of protecting the privacy of personal information about our customers. Personal information includes all of the personally identifying information that is provided to us. We are sensitive to these privacy interests and believe that protecting valuable personal/financial information is one of our most significant responsibilities.<br /><br /><font color="orange"><b>The policies outlined below describe our policies to protect your privacy.</b></font><br /><br /><span style="FONT-WEIGHT: bold">Use, Collection and Retention of Client Information</span><br />We collect, retain and use only the information about our customers that is required by law to administer our business and provide high level services to our clients. We retain this information no longer than necessary to meet these objectives. All transmitted credit card information is handled securely through digitally encrypted Secure Socket Layers (SSL) technology.<br /><br /><span style="FONT-WEIGHT: bold">Spam Policy</span><br />Spam is flooding the Internet with many copies of the same message, in an attempt to force the message on people who would not otherwise choose to receive it. Email spam targets individual users with direct mail messages and costs the sender very little to send. Most of the costs are paid for by the recipient or the carriers rather than by the sender.<br /><br />We don''t condone the use of spam and the sending of unsolicited email in any form, nor do we control other web sites involvement and/or practices in this area.<br /><br />        \r\n\r\n', 'Privacy Policy'),
(9, 13, 1, '\r\n  This site provide their services to you subject to the following conditions. By visiting, browsing, shopping, accessing or otherwise using the site you agree to this User Agreement, and all of its terms and conditions. By visiting, browsing, shopping, accessing or otherwise using the site after a change has been posted to the site, the customer accepts that change. Customers should check this User Agreement frequently.<br /><br /><span style="FONT-WEIGHT: bold">Site Activity</span><br />The following activity on the site is expressly prohibited: Any non-personal or commercial use of any automatic device, or manual process to monitor or copy portions of the site or the content contained herein without prior written permission by <br />this site collection or use of any product listings, descriptions, or prices, from the site for the benefit of another merchant that supplies products competitive with or comparable to those offered on the site; and, Any use of, visits to, or other action that imposes an unreasonable or disproportionately large load on the site, or otherwise interferes with its proper and timely functioning. This site does not review or control third-party sites that link to or from the site, and is not responsible for the contents of any third-party sites linked to or from the site.<br /><br /><span style="FONT-WEIGHT: bold">Copyright</span><br />You acknowledge that the Site contains information, data, software, photographs, graphs, videos, typefaces, graphics, music, sounds, and other material (collectively "Content") that are protected by copyrights, trademarks, trade secrets, or other proprietary rights, and that these rights are valid and protected in all forms, media and technologies existing now or hereinafter developed. All Content is copyrighted as a collective work . You may not modify, remove, delete, augment, add to, publish, transmit, participate in the transfer or sale of, create derivative works from, or in any way exploit any of the Content, in whole or in part. If no specific restrictions are displayed, you may make copies of select portions of the Content, provided that the copies are made only for your personal use and that you maintain any notices contained in the Content, such as all copyright notices, trademark legends, or other proprietary rights notices. <br /><br /><span style="FONT-WEIGHT: bold">Limitation Of Liability</span><br />This site, including, but not limited to, negligence, shall not be liable for any loss of property, profit, or personal harm, due to the use or inability to use, the merchandise on this site.<br /><br /><span style="FONT-WEIGHT: bold">Your Account</span><br />If you use this site, you are responsible for maintaining the confidentiality of your account and password and for restricting access to your computer, and you agree to accept responsibility for all activities that occur under your account or password. If you are under 18, you may use this site only with involvement of a parent or guardian. <br /><br /><span style="FONT-WEIGHT: bold">Pricing Disclaimer</span><br /><br />All prices are subject to change. For all prices, products and offers, this site reserves the right to make adjustments due to changing market conditions, product discontinuation, manufacturer price changes, errors in advertisements and other extenuating circumstances.<br /><br /><span style="FONT-WEIGHT: bold">Disagreement of Terms and Conditions of Use</span><br />If you disagree with any of the terms and conditions of this User Agreement, please do not visit, browse, shop, access or otherwise use this site. Your use of this Web site signifies your agreement to be bound by the terms of this Agreement. We reserved the right to revise or change iScripts Terms of Use, Privacy Policy and regulations without notice.<br />    \r\n\r\n', 'Terms'),
(10, 14, 1, '\r\n            Welcome to the complete swapping site. You can swap any unwanted items from your home or business to others who may have use for them. You can also sell or buy items in this site. As always, exercise common sense when dealing with someone you don''t know. If you wish to have a third party handle the exchange, there is an escrow service provided.                \r\n\r\n', 'Welcome'),
(11, 3, 1, 'swap, trade, exchange,  swap everything, swapping platform,  barter software, virtual swapmeet,  swap products,  virtual flea market', ''),
(12, 4, 1, 'eSwap is a  online complete swapping platform allowing you to  barter unwanted items for things you need.  You  can swap any unwanted items from home or business to others who may have use for them. You can sell and buy items from site too.', ''),
(13, 5, 1, 'Swap and get points', ''),
(14, 15, 1, '\r\n                                          \r\n<table class="maintext2" border="0" cellpadding="4" cellspacing="1" width="100%">                                                      \r\n<tbody>                        \r\n<tr bgcolor="#ffffff">                                                        \r\n<td class="maintext2" colspan="2" align="left">New item has been added</td>                              </tr>                                                      \r\n<tr bgcolor="#ffffff">                                                        \r\n<td align="left" width="21%">Category</td>                                                        \r\n<td width="79%"><b>{txtCategoryname}</b></td>                              </tr>                                                      \r\n<tr bgcolor="#ffffff">                                                        \r\n<td align="left">Title</td>                                                        \r\n<td><b>{txtTitle}</b></td>                              </tr>                                                      \r\n<tr bgcolor="#ffffff">                                                        \r\n<td align="left">Brand</td>                                                        \r\n<td><b>{txtBrand}</b></td>                              </tr>                                                      \r\n<tr bgcolor="#ffffff">                                                        \r\n<td align="left">Type</td>                                                        \r\n<td><b>{ddlType}</b></td>                              </tr>                                                      \r\n<tr bgcolor="#ffffff">                                                        \r\n<td align="left">Condition</td>                                                        \r\n<td><b>{ddlCondition}</b></td>                              </tr>                                                      \r\n<tr bgcolor="#ffffff">                                                        \r\n<td align="left">Year</td>                                                        \r\n<td><b>{txtYear}</b></td>                              </tr>                                                      \r\n<tr bgcolor="#ffffff">                                                        \r\n<td align="left">{pricename}</td>                                                        \r\n<td><b>{txtValue}</b></td>                              </tr>                                                      \r\n<tr bgcolor="#ffffff">                                                        \r\n<td colspan="2" align="left">Thank You,</td>                              </tr>                                                      \r\n<tr bgcolor="#ffffff">                                                        \r\n<td colspan="2" align="left">{SITE_NAME} Crew. | {SITE_URL}</td>                              </tr>                            </tbody></table>                                  \r\n\r\n', 'New item has been added in {SITE_NAME}'),
(50, 15, 2, '\r\n                      \r\n<table border="0" cellpadding="0" cellspacing="0">  	            \r\n<tbody>  		            \r\n<tr>  			            \r\n<td colspan="3" style="width:576px;height:0px;">  				            \r\n<p>  					Nouvel &eacute;l&eacute;ment  a &eacute;t&eacute; ajout&eacute;</p>\r\n            			</td>  		</tr>  		            \r\n<tr>  			            \r\n<td style="width:128px;height:0px;">  				            \r\n<p>  					cat&eacute;gorie</p>\r\n            			</td>  			            \r\n<td style="width:444px;height:0px;">  				            \r\n<p>  					<strong>{txtCategoryname}</strong></p>\r\n            			</td>  			            \r\n<td style="width:3px;height:0px;">  				            \r\n<p>  					&nbsp;</p>\r\n            			</td>  		</tr>  		            \r\n<tr>  			            \r\n<td style="width:128px;height:0px;">  				            \r\n<p>  					Titre</p>\r\n            			</td>  			            \r\n<td style="width:444px;height:0px;">  				            \r\n<p>  					<strong>{txtTitle}</strong></p>\r\n            			</td>  			            \r\n<td style="width:3px;height:0px;">  				            \r\n<p>  					&nbsp;</p>\r\n            			</td>  		</tr>  		            \r\n<tr>  			            \r\n<td style="width:128px;height:0px;">  				            \r\n<p>  					Marque</p>\r\n            			</td>  			            \r\n<td style="width:444px;height:0px;">  				            \r\n<p>  					<strong>{txtBrand}</strong></p>\r\n            			</td>  			            \r\n<td style="width:3px;height:0px;">  				            \r\n<p>  					&nbsp;</p>\r\n            			</td>  		</tr>  		            \r\n<tr>  			            \r\n<td style="width:128px;height:0px;">  				            \r\n<p>  					Type EC</p>\r\n            			</td>  			            \r\n<td style="width:444px;height:0px;">  				            \r\n<p>  					<strong>{ddlType}</strong></p>\r\n            			</td>  			            \r\n<td style="width:3px;height:0px;">  				            \r\n<p>  					&nbsp;</p>\r\n            			</td>  		</tr>  		            \r\n<tr>  			            \r\n<td style="width:128px;height:0px;">  				            \r\n<p>  					Condition</p>\r\n            			</td>  			            \r\n<td style="width:444px;height:0px;">  				            \r\n<p>  					<strong>{ddlCondition}</strong></p>\r\n            			</td>  			            \r\n<td style="width:3px;height:0px;">  				            \r\n<p>  					&nbsp;</p>\r\n            			</td>  		</tr>  		            \r\n<tr>  			            \r\n<td style="width:128px;height:0px;">  				            \r\n<p>  					Ann&eacute;e</p>\r\n            			</td>  			            \r\n<td style="width:444px;height:0px;">  				            \r\n<p>  					<strong>{txtYear}</strong></p>\r\n            			</td>  			            \r\n<td style="width:3px;height:0px;">  				            \r\n<p>  					&nbsp;</p>\r\n            			</td>  		</tr>  		            \r\n<tr>  			            \r\n<td style="width:128px;height:0px;">  				            \r\n<p>  					{pricename}</p>\r\n            			</td>  			            \r\n<td style="width:444px;height:0px;">  				            \r\n<p>  					<strong>{txtValue}</strong></p>\r\n            			</td>  			            \r\n<td style="width:3px;height:0px;">  				            \r\n<p>  					&nbsp;</p>\r\n            			</td>  		</tr>  		            \r\n<tr>  			            \r\n<td colspan="3" style="width:576px;height:0px;">  				            \r\n<p>  					Merci!</p>\r\n            			</td>  		</tr>  		            \r\n<tr>  			            \r\n<td colspan="3" style="width:576px;height:0px;">  				            \r\n<p>  					{SITE_NAME} Crew. | {SITE_URL}</p>\r\n            			</td>  		</tr>  	</tbody>  </table>            \r\n<p>  	&nbsp;</p>\r\n                                \r\n\r\n', 'Nouvel ï¿½lï¿½ment a ï¿½tï¿½ ajoutï¿½ dans {SITE_NAME}'),
(15, 16, 1, '\r\n          someone you know has referred you to our "Premier Site for On-line   Swapping or Selling Unwanted Items to the World." Please take the time   to follow the links given below to participate in a short survey on how   our services may be a benefit for you by clicking           \r\n<table style="width: 582px; height: 207px;" class="maintext2" border="0" cellpadding="4" cellspacing="1">          \r\n<tbody>        \r\n<tr bgcolor="#ffffff">          \r\n<td colspan="2" align="left">{LINK_F}</td></tr>          \r\n<tr bgcolor="#ffffff">          \r\n<td colspan="2" align="left">To register with {SITE_NAME} you may use this link by clicking {LINK_R}</td>                              </tr>                                        \r\n<tr bgcolor="#ffffff">                                          \r\n<td colspan="2" align="left">Thanks,</td>                              </tr>                                        \r\n<tr bgcolor="#ffffff">                                          \r\n<td colspan="2" align="left">{SITE_NAME} Crew. | {SITE_URL}</td>                              </tr>                            </tbody></table>              \r\n\r\n', 'Congratulations from {SITE_NAME}!'),
(16, 17, 1, '\r\n                      \r\n<table class="maintext2" border="0" cellpadding="4" cellspacing="1" width="100%">                                          \r\n<tbody>            \r\n<tr bgcolor="#ffffff">                                            \r\n<td colspan="2" class="maintext2" align="left">Following item has been sold at {SITE_NAME}</td>                              </tr>                                          \r\n<tr bgcolor="#ffffff">                                            \r\n<td class="maintext2" align="left" width="20%">Product Name</td>                                            \r\n<td class="maintext2" align="left" width="80%">{var_title}</td>                              </tr>                                          \r\n<tr bgcolor="#ffffff">                                            \r\n<td class="maintext2" align="left">Product Amount</td>                                            \r\n<td class="maintext2" align="left">{var_amount}</td>                              </tr>                                          \r\n<tr bgcolor="#ffffff">                                            \r\n<td class="maintext2" align="left">Quantity</td>                                            \r\n<td class="maintext2" align="left">{var_quantity}<br /></td>                              </tr>                                          \r\n<tr bgcolor="#ffffff">                                            \r\n<td class="maintext2" align="left">Transaction Id</td>                                            \r\n<td class="maintext2" align="left">{txnid}</td>                              </tr>                                          \r\n<tr bgcolor="#ffffff">                                            \r\n<td class="maintext2" align="left">Buyer</td>                                            \r\n<td class="maintext2" align="left">{guserFName}</td>                              </tr>                                          \r\n<tr bgcolor="#ffffff">                                            \r\n<td colspan="2" align="left">The {SITE_NAME} Crew | {SITE_URL}</td>                              </tr></tbody></table>                \r\n\r\n', 'One of your products listed at {SITE_NAME} has been sold'),
(17, 18, 1, '\r\n                  \r\n<table class="maintext2" border="0" cellpadding="4" cellspacing="1" width="100%">                                          \r\n<tbody>            \r\n<tr bgcolor="#ffffff">                                            \r\n<td colspan="2" class="maintext2" align="left">New comment from   {txtName}</td></tr>            \r\n<tr bgcolor="#ffffff">            \r\n<td align="left" width="15%">&nbsp;</td>                                              \r\n<td width="85%">&nbsp;</td>                                </tr>                                          \r\n<tr bgcolor="#ffffff">                                            \r\n<td align="left">Name</td>                                              \r\n<td>{txtName}</td>                              </tr>                                            \r\n<tr bgcolor="#ffffff">                                            \r\n<td align="left">Email</td>                                              \r\n<td>{txtEmail}</td>                              </tr>                                            \r\n<tr bgcolor="#ffffff">                                            \r\n<td align="left" valign="top">Address</td>                                              \r\n<td valign="top">{txtAddress}</td>                                </tr>                                          \r\n<tr bgcolor="#ffffff">                                            \r\n<td align="left">Phone</td>                                              \r\n<td>{txtPhone}</td>                              </tr>                                            \r\n<tr bgcolor="#ffffff">                                            \r\n<td align="left" valign="top">Comment</td>                                              \r\n<td valign="top">{txtMsg}</td>                                </tr>                                          \r\n<tr bgcolor="#ffffff">                                            \r\n<td align="left">&nbsp;</td>                                              \r\n<td>&nbsp;</td>                              </tr>                                            \r\n<tr bgcolor="#ffffff">                                            \r\n<td colspan="2" align="left">Thanks,</td>                                </tr>                                          \r\n<tr bgcolor="#ffffff">                                            \r\n<td colspan="2" align="left">{SITE_NAME} Crew. |   {SITE_URL}</td>                              </tr>                              </tbody></table>                \r\n\r\n', 'New comment from {txtName} !'),
(18, 19, 1, '\r\n              \r\n<table class="maintext2" border="0" cellpadding="4" cellspacing="1" width="100%">          \r\n<tbody>          \r\n<tr bgcolor="#ffffff">          \r\n<td class="maintext2" colspan="2" align="left">A new item has been added to the {TYPE} list . The details of the item is given below.</td></tr>          \r\n<tr bgcolor="#ffffff">          \r\n<td align="left" width="22%">Category</td>          \r\n<td width="78%"><b>{txtCategoryname}</b></td></tr>          \r\n<tr bgcolor="#ffffff">          \r\n<td align="left">Title</td>          \r\n<td><b>{txtTitle}</b></td></tr>          \r\n<tr bgcolor="#ffffff">          \r\n<td align="left">Brand</td>          \r\n<td><b>{txtBrand}</b></td></tr>          \r\n<tr bgcolor="#ffffff">          \r\n<td align="left">Type</td>          \r\n<td><b>{ddlType}</b></td></tr>          \r\n<tr bgcolor="#ffffff">          \r\n<td align="left">Condition</td>          \r\n<td><b>{ddlCondition}</b></td></tr>          \r\n<tr bgcolor="#ffffff">          \r\n<td align="left">Year</td>          \r\n<td><b>{txtYear}</b></td></tr>          \r\n<tr bgcolor="#ffffff">          \r\n<td align="left">{pricename}</td>          \r\n<td><b>{txtValue}</b></td></tr>          \r\n<tr bgcolor="#ffffff">          \r\n<td colspan="2" align="left">Thanks,</td></tr>          \r\n<tr bgcolor="#ffffff">          \r\n<td colspan="2" align="left">{SITE_NAME} Crew. | {SITE_URL}</td></tr></tbody></table>                \r\n\r\n', 'New item added to the Sales list!'),
(19, 20, 1, '\r\n          \r\n<table class="maintext2" border="0" cellpadding="4" cellspacing="1" width="100%">        \r\n<tbody>        \r\n<tr bgcolor="#ffffff">        \r\n<td colspan="2" class="maintext2" align="left">Either you or somebody has requested to reset the password.    If you   would like to reset your password please click on the following link</td>                              </tr>                                      \r\n<tr bgcolor="#ffffff">                                        \r\n<td colspan="2" align="left">{reset_link}</td>                              </tr>                                      \r\n<tr bgcolor="#ffffff">                                        \r\n<td colspan="2" align="left">Thank You,</td>                              </tr>                                      \r\n<tr bgcolor="#ffffff">                                        \r\n<td colspan="2" align="left">{SITE_NAME} Crew. | {SITE_URL}</td>                              </tr>                            </tbody></table>          \r\n\r\n', 'Resetting password!'),
(20, 21, 1, '\r\n                       \r\n<table class="maintext2" border="0" cellpadding="4" cellspacing="1" width="100%">                                          \r\n<tbody>            \r\n<tr bgcolor="#ffffff">                                            \r\n<td colspan="2" class="maintext2" align="left">Welcome to   {SITE_NAME} As a member, you will have the capability to   post items on our site that you no longer have use for and the access   to view unwanted items already posted by members of {SITE_NAME}.      The main aim of the site is to help our members get rid of their   unwanted items and enable them to find goods that they need amongst each   other for a small price!     This is done by allowing users to   negotiate with each other on our site for items they need, in a fun, and   secure platform. Please do not hesitate to contact us at {SITE_EMAIL}   with any questions,  comments, or suggestions about our unique services.      Once again, thanks for joining our community and enjoy your   experience at {SITE_URL}.    <b><u><br />Your account details   as follows :</u></b>  </td>                              </tr>                                            \r\n<tr bgcolor="#ffffff">                                            \r\n<td align="left" width="14%">User Name</td>                                              \r\n<td width="86%">{LoginName}</td>                                </tr>                                          \r\n<tr bgcolor="#ffffff">                                            \r\n<td align="left">Password</td>                                              \r\n<td>{Password}</td>                              </tr>           \r\n<tr bgcolor="#ffffff">                                            \r\n<td colspan="2" align="left">Welcome Aboard!</td>                                </tr>                                          \r\n<tr bgcolor="#ffffff">                                            \r\n<td colspan="2" align="left"><b>Why Pay? When You Can   {SITE_NAME}!</b></td>                                </tr>                                          \r\n<tr bgcolor="#ffffff">                                            \r\n<td colspan="2" align="left">Thank You,</td>                                </tr>                                          \r\n<tr bgcolor="#ffffff">                                            \r\n<td colspan="2" align="left">{SITE_NAME} Crew. | {SITE_URL}<br /></td>                              </tr>                              </tbody></table>              \r\n\r\n', 'Welcome to {SITE_NAME}! Your account has been successfully created!'),
(22, 23, 1, '\r\n              \r\n<table class="maintext2" border="0" cellpadding="4" cellspacing="1" width="100%">        \r\n<tbody>        \r\n<tr bgcolor="#ffffff">        \r\n<td colspan="2" class="maintext2" align="left">Your password has been reset.    Your new password is <b>{newpass}</b>    Please use the new password to login.</td>                              </tr>                                      \r\n<tr bgcolor="#ffffff">                                        \r\n<td colspan="2" align="left">Thank You,</td>                              </tr>                                      \r\n<tr bgcolor="#ffffff">                                        \r\n<td colspan="2" align="left">{SITE_NAME} Crew. | {SITE_URL}</td>                              </tr>                            </tbody></table>          \r\n\r\n', 'Password Reset'),
(23, 24, 1, '\r\n              \r\n<table class="maintext2" border="0" cellpadding="4" cellspacing="1" width="100%">                                      \r\n<tbody>        \r\n<tr bgcolor="#ffffff">                                        \r\n<td class="maintext2" align="left" width="39%">{comments}</td>                              </tr>                                      \r\n<tr bgcolor="#ffffff">                                        \r\n<td align="left">Click on the following Internet address or copy &amp; paste it into your browser''s address box.</td>                              </tr>                                      \r\n<tr bgcolor="#ffffff">                                        \r\n<td align="left">Please visit {SITE_URL} </td>                              </tr>                                      \r\n<tr bgcolor="#ffffff">                                        \r\n<td align="left">Thank You,</td>                              </tr>                                      \r\n<tr bgcolor="#ffffff">                                        \r\n<td colspan="2" align="left">The {SITE_NAME} Crew | {SITE_URL}</td>                              </tr>                            </tbody></table>                                    \r\n\r\n', 'I recomend this site!'),
(24, 25, 1, '\r\n       \r\n<table class="maintext2" border="0" cellpadding="4" cellspacing="1" width="100%">                                  \r\n<tbody>    \r\n<tr bgcolor="#ffffff">                                    \r\n<td colspan="2" class="maintext2" align="left">A new item has been added to the list .     The details of the item is given below.</td>                              </tr>                                  \r\n<tr bgcolor="#ffffff">                                    \r\n<td class="maintext2" align="left">Product Settled Amount</td>                                    \r\n<td class="maintext2" align="left">{var_settle}</td>                              </tr>                                  \r\n<tr bgcolor="#ffffff">                                    \r\n<td class="maintext2" align="left">Product Actual Amount</td>                                    \r\n<td class="maintext2" align="left">{var_actual}</td>                              </tr>                                  \r\n<tr bgcolor="#ffffff">                                    \r\n<td class="maintext2" align="left">Escrow Commission</td>                                    \r\n<td class="maintext2" align="left">{var_comm}</td>                              </tr>                                  \r\n<tr bgcolor="#ffffff">                                    \r\n<td class="maintext2" align="left">Payment Mode</td>                                    \r\n<td class="maintext2" align="left">{var_mode}</td>                              </tr>                                  \r\n<tr bgcolor="#ffffff">                                    \r\n<td colspan="2" align="left">The {SITE_NAME} Crew | {SITE_URL}</td>                              </tr></tbody></table>    \r\n\r\n', 'Your amount has been settled by admin at {SITE_NAME}'),
(25, 26, 1, '\r\n                      \r\n<table class="maintext2" border="0" cellpadding="4" cellspacing="1" width="100%">                                          \r\n<tbody>            \r\n<tr bgcolor="#ffffff">                                            \r\n<td colspan="2" class="maintext2" align="left">Welcome to <sitename> As a member, you will have the capability to   post items on our site that you no longer have use for and the access   to view unwanted items already posted by members of <sitename>.      The main aim of the site is to help our members get rid of their   unwanted items and enable them to find goods that they need amongst each   other for a small price!     This is done by allowing users to   negotiate with each other on our site for items they need, in a fun, and   secure platform. Please do not hesitate to contact us at <a href="%3Csiteemail%3E"><siteemail></siteemail></a>   with any questions,  comments, or suggestions about our unique services.      Once again, thanks for joining our community and enjoy your   experience at&nbsp; {SITE_NAME}<siteurl>    </siteurl></sitename></sitename></td>                              </tr>                                          \r\n<tr bgcolor="#ffffff">                                            \r\n<td colspan="2" align="left">Welcome Aboard!</td>                              </tr>                                          \r\n<tr bgcolor="#ffffff">                                            \r\n<td colspan="2" align="left"><b>Why Pay? When You Can&nbsp; {SITE_NAME}<br /></b></td>                              </tr>                                          \r\n<tr bgcolor="#ffffff">                                            \r\n<td colspan="2" align="left">Thank You,</td>                              </tr>                                          \r\n<tr bgcolor="#ffffff">                                            \r\n<td colspan="2" align="left">&nbsp;{SITE_NAME}Crew. | {SITE_URL}</td>                              </tr>                            </tbody></table>                \r\n\r\n', 'Welcome to {SITE_NAME}! Your account has been successfully created!'),
(26, 27, 1, '\r\n          \r\n<table class="maintext2" border="0" cellpadding="4" cellspacing="1" width="100%">                                    \r\n<tbody>      \r\n<tr bgcolor="#ffffff">                                      \r\n<td colspan="2" class="maintext2" align="left">The Following subscription plan cancelled by the {username}. Plan   details are as follows:    Plan : {planname}  Payment Type : {ptype}</td>                              </tr>                                    \r\n<tr bgcolor="#ffffff">                                      \r\n<td colspan="2" align="left">Thank You,</td>                              </tr>                                    \r\n<tr bgcolor="#ffffff">                                      \r\n<td colspan="2" align="left">{SITE_NAME} Crew. | {SITE_URL}<br /></td>                              </tr>                            </tbody></table>        \r\n\r\n', 'Subscription plan canceled on {SITE_NAME}'),
(27, 28, 1, '\r\n          \r\n<table class="maintext2" border="0" cellpadding="4" cellspacing="1" width="100%">                                    \r\n<tbody>      \r\n<tr bgcolor="#ffffff">                                      \r\n<td colspan="2" class="maintext2" align="left">Your account with {SITE_NAME} will expire in 5 days time. Please {url}click here{url_end} to renew your account.  </td>                              </tr>                                    \r\n<tr bgcolor="#ffffff">                                      \r\n<td colspan="2" align="left">Thank You,</td>                              </tr>                                    \r\n<tr bgcolor="#ffffff">                                      \r\n<td colspan="2" align="left">The {SITE_NAME} Crew. | {SITE_URL}<br /></td>                              </tr>                            </tbody></table>        \r\n\r\n', 'Your account with {SITE_NAME} is going to expire!!!'),
(28, 6, 1, 'Points', ''),
(29, 29, 1, '\r\n                      \r\n<table class="maintext2" border="0" cellpadding="4" cellspacing="1" width="100%">                                              \r\n<tbody>            \r\n<tr bgcolor="#ffffff">                                                \r\n<td colspan="2" class="maintext2" align="left">Thank you for purchasing {point_name} using   {payment_type}. Your account is refilled with {point_val}. Please use   these points to sell , swap , buy items in {SITE_NAME}</td>                                  </tr>                                              \r\n<tr bgcolor="#ffffff">                                                \r\n<td align="left" width="14%">User Name</td>                                                \r\n<td width="86%">{guserFName}</td>                                  </tr>                                               \r\n<tr bgcolor="#ffffff">                                                \r\n<td align="left" width="14%">Payment Method</td>                                                \r\n<td width="86%">{payment_type}</td>                                  </tr>                                              \r\n<tr bgcolor="#ffffff">                                                \r\n<td align="left" width="14%">Payment Date</td>                                                \r\n<td width="86%">{date}</td>                                  </tr>                                              \r\n<tr bgcolor="#ffffff">                                                \r\n<td align="left">Total Amount</td>                                                \r\n<td>{sess_PointAmount}</td>                                  </tr>            \r\n<tr bgcolor="#ffffff">                                                \r\n<td colspan="2" align="left">Thank You,</td>                                  </tr>                                              \r\n<tr bgcolor="#ffffff">                                                \r\n<td colspan="2" align="left">{SITE_NAME} Crew. | {SITE_URL}</td>                                  </tr>                                </tbody></table>                \r\n\r\n', '{POINT_NAME} purchased details'),
(30, 30, 1, '\r\n      <purchase details=""></purchase>      \r\n<table class="maintext2" border="0" cellpadding="4" cellspacing="1" width="100%">                                        \r\n<tbody>      \r\n<tr bgcolor="#ffffff">                                          \r\n<td colspan="2" class="maintext2" align="left"><span id="result_box" class="" lang="en"><span title="Click for alternate translations" class="hps">Thank you</span> <span title="Click for alternate translations" class="hps">pay</span> <span title="Click for alternate translations" class="hps">transaction</span><span class="" title="Click for alternate translations">.</span> <span title="Click for alternate translations" class="hps">Your</span> <span title="Click for alternate translations" class="hps">points</span> <span title="Click for alternate translations" class="hps">has</span> <span title="Click for alternate translations" class="hps">been added to your</span> <span title="Click for alternate translations" class="hps">account</span></span></td>                                  </tr>                                        \r\n<tr bgcolor="#ffffff">                                          \r\n<td align="left" width="14%"><span id="result_box" class="short_text" lang="fr"><span title="Click for alternate translations" class="hps">User Name<br /></span></span></td>                                          \r\n<td width="86%">&nbsp;{guserFName}</td>                                  </tr>                                         \r\n<tr bgcolor="#ffffff">                                          \r\n<td align="left" width="14%"><span id="result_box" class="short_text" lang="fr"><span title="Click for alternate translations" class="hps">Payment Method<br /></span></span></td>                                          \r\n<td width="86%">{payment_type}<br /></td>                                  </tr>                                        \r\n<tr bgcolor="#ffffff">                                          \r\n<td align="left" width="14%"><span id="result_box" class="short_text" lang="fr"><span title="Click for alternate translations" class="hps">Date of transaction<br /></span></span></td>                                          \r\n<td width="86%">{date}<br /></td>                                  </tr>                                        \r\n<tr bgcolor="#ffffff">                                          \r\n<td align="left"><span id="result_box" class="short_text" lang="fr"><span title="Click for alternate translations" class="hps">Ttal Amount<br /></span></span></td>                                          \r\n<td>{sess_PointAmount}</td></tr>                                \r\n<tr bgcolor="#ffffff">                                          \r\n<td colspan="2" align="left">Thank You,</td>                                  </tr>                                        \r\n<tr bgcolor="#ffffff">                                          \r\n<td colspan="2" align="left">{SITE_NAME} Crew | {SITE_URL}</td>                                  </tr>                                </tbody></table>      \r\n\r\n', '{POINT_NAME} purchased details'),
(40, 10, 2, '\r\nEffacer vos articles tenir maison en l''&eacute;changeant avec quelque chose dont vous avez besoin.\r\n\r\n', 'ï¿½change'),
(31, 31, 1, '\r\n          \r\n<p>Are you tired of this?  Working hard to sale your merchandise on websites, only to see your hard earned money has been taken away from you due to high listing fees and etc...  Well, {site_name} encourages our members to sale on our site.  We present to you, our cash back Sales Rewards Program.</p>\r\n              \r\n<p>As a member of {site_name}, you could start earning cash back when you sale items on our site. Because we credit back to our Sellers 1% of our small 2% commission for listing an item to the site, as cash back bonuses on all sales over {currency_code} 300.  This is simply our way of showing our appreciation towards you because, we believe, You Are the Sales Associate!</p>\r\n              \r\n<p>Although, we provide you with the tools needed to sale on the site, the best tool we can provide you with is <b>MOTIVATION.</b>  Whether you are an experienced internet Seller, or a beginner, with minimal effort this program will work for anyone.  While other Sites are busy reaping the benefits from Sellers on their sites.  We are busy building shared interest with our Associates. We promise you, you will love our cash back <b><u>Sales Rewards Program</u></b>, and you can take that to the bank!</p>\r\n              \r\n<p></p>\r\n                \r\n\r\n', 'Cash Back Bonus Policy'),
(41, 7, 2, '\r\nUtilisez le formulaire suivant pour nous laisser une r&eacute;troaction.\r\n\r\n', 'Contactez-nous'),
(42, 23, 2, '\r\n  \r\n<table border="0" cellpadding="0" cellspacing="0">        \r\n<tbody>            \r\n<tr>                \r\n<td style="width:576px;height:0px;">                    \r\n<p>                    Votre mot de passe a &eacute;t&eacute; r&eacute;initialis&eacute;. Votre nouveau mot de passe &nbsp; <strong>{</strong><strong>newpass</strong><strong>}</strong> &nbsp; S''il vous pla&icirc;t utiliser le nouveau mot de passe pour vous connecter.</p>\r\n                </td>        </tr>            \r\n<tr>                \r\n<td style="width:576px;height:0px;">                    \r\n<p>                    Merci!</p>\r\n                </td>        </tr>            \r\n<tr>                \r\n<td style="width:576px;height:0px;">                    \r\n<p>                    {SITE_NAME} Crew. | {SITE_URL}</p>\r\n                </td>        </tr>    </tbody></table>    \r\n<p>    &nbsp;</p>\r\n    \r\n\r\n', 'Rï¿½initialiser mot de passe'),
(77, 39, 2, '\r\n  \r\n<p>    Votre paiement mensuel {SITE_NAME} est un plein succ&egrave;s. Les d&eacute;tails des paiements sont ci-dessous:<br />    <br />    Montant pay&eacute;: {amountPaid}<br />    Date de paiement: {dop}<br />    <br />    Merci!<br />    {SITE_NAME} Crew. | {SITE_URL}</p>\r\n    \r\n\r\n', 'Paiement mensuel {SITE_NAME}'),
(78, 40, 1, '\r\n    The following user has made the monthly payment in {SITE_NAME}<br /><br />User Name : {username}<br />Amount Paid : {amountPaid}<br />Date Of Payment : {dop}<br /><br />Thank You,<br /><br />{SITE_NAME} Crew | {SITE_URL}<br />      \r\n\r\n', 'Monthly Payment in {SITE_NAME}'),
(43, 3, 2, 'swap, commerce, ï¿½change,  tout swap, ï¿½changeant plateforme, le troc de logiciels, virtuels swapmeet, les produits d''ï¿½change, marchï¿½ aux puces virtuel', ''),
(44, 1, 2, 'Swap tout', ''),
(45, 2, 2, 'Swap tout', ''),
(46, 4, 2, 'eSwap est une plate-forme complï¿½te en ligne vous permettant d''ï¿½changer les ï¿½lï¿½ments indï¿½sirables de troc pour des choses dont vous avez besoin. Vous pouvez ï¿½changer tous les ï¿½lï¿½ments indï¿½sirables de maison ou votre entreprise ï¿½ d''autres quipeuvent avoir besoin d''eux. Vous pouvez vendre et acheter des objets ï¿½ partir du siteaussi.\r\n', ''),
(116, 7, 5, '\r\n<span lang="es-ES">Utilice el siguente\r\nformulario para dejarnos una sugerecia.</span>', 'Contacto'),
(47, 5, 2, 'Swap et obtenir des points ', ''),
(48, 6, 2, 'Points', ''),
(117, 7, 6, '\r\nVerwenden Sie das folgende Formular, um uns ein Feedback.\r\n\r\n', 'Kontak'),
(49, 11, 2, '\r\nVendre vos objets utilis&eacute;s ou non utilis&eacute;s &agrave; meilleur prix!\r\n\r\n', 'Vendre'),
(74, 38, 1, '\r\n      Please make your monthly payment in {SITE_NAME}<br /><br />User Name&nbsp;&nbsp;&nbsp;&nbsp;&nbsp;&nbsp;&nbsp;&nbsp; : {LoginName}<br />Amount To Pay&nbsp;&nbsp; : {amountToPay}<br /><br />Click the link below to pay the amount :<br />{payNow}<br /><br />Thank You,<br /><br />{SITE_NAME} Crew | {SITE_URL}<br /><br />            \r\n\r\n', 'Monthly Payment in {SITE_NAME}'),
(75, 38, 2, '\r\n      S''il vous pla&icirc;t effectuer votre paiement mensuel en {SITE_NAME}<br /><br />Nom d''utilisateur&nbsp;&nbsp;&nbsp;&nbsp;&nbsp;&nbsp;&nbsp;&nbsp;   : {LoginName}<br />Montant &agrave; payer&nbsp;&nbsp; :   {amountToPay}<br /><br />Cliquez sur le lien ci-dessous pour payer le montant:<br />{payNow}<br /><br />Merci,<br /><br />{SITE_NAME}  Equipage | {SITE_URL}<br /><br />              \r\n\r\n', 'Le paiement mensuel de {SITE_NAME}'),
(76, 39, 1, '\r\n      Your monthly payment in {SITE_NAME}is success full. The payments details are below:<br /><br />Amount Paid&nbsp;&nbsp;&nbsp;&nbsp;&nbsp; : {amountPaid}<br />Date of Payment : {dop}<br /><br />Thank You,<br />{SITE_NAME} Crew. | {SITE_URL}<br /><br />            \r\n\r\n', 'Monthly Payment in {SITE_NAME}'),
(51, 26, 2, '\r\n      \r\n<table border="0" cellpadding="0" cellspacing="0">          \r\n<tbody>              \r\n<tr>                  \r\n<td style="width:576px;height:0px;">                      \r\n<p>                    Bienvenue &nbsp; En tant que membre, vous aurez la possibilit&eacute; de publier des &eacute;l&eacute;ments sur notre site que vous n''avez plus l''utilisation et l''acc&egrave;s pour afficher les &eacute;l&eacute;ments ind&eacute;sirables d&eacute;j&agrave; post&eacute;s par les membres de &nbsp; .L''objectif principal du site est d''aider nos membres &agrave; se d&eacute;barrasser de leurs &eacute;l&eacute;ments ind&eacute;sirables et de leur permettre de trouver des biens dont ils ont besoin parmi les uns des autres pour un petit prix! Ceci est fait en permettant aux utilisateurs de n&eacute;gocier avec eux sur notre site des articles dont ils ont besoin, dans un environnement amusant et plate-forme s&eacute;curis&eacute;e. S''il vous pla&icirc;t, n''h&eacute;sitez pas &agrave; nous contacter &agrave; &nbsp; avec toutes les questions, commentaires ou suggestions sur nos services uniques.Encore une fois, merci pour rejoindre notre communaut&eacute; et profiter de votre exp&eacute;rience &agrave; &nbsp; {SITE_NAME}</p>\r\n                  </td>        </tr>              \r\n<tr>                  \r\n<td style="width:576px;height:0px;">                      \r\n<p>                    Bienvenue &agrave; bord!</p>\r\n                  </td>        </tr>              \r\n<tr>                  \r\n<td style="width:576px;height:0px;">                      \r\n<p>                    <strong>Pourquoi payer? Lorsque vous pouvez</strong> &nbsp; <strong>{SITE_NAME}</strong></p>\r\n                  </td>        </tr>              \r\n<tr>                  \r\n<td style="width:576px;height:0px;">                      \r\n<p>                    Merci!</p>\r\n                  </td>        </tr>              \r\n<tr>                  \r\n<td style="width:576px;height:0px;">                      \r\n<p>                    &nbsp; {SITE_NAME} Crew.| {SITE_URL}</p>\r\n                  </td>        </tr>    </tbody></table>      \r\n<p>    &nbsp;</p>\r\n          \r\n\r\n', 'Bienvenue ï¿½ {SITE_NAME}!Votre compte a ï¿½tï¿½ crï¿½ï¿½ avec succï¿½s!'),
(139, 26, 6, '\r\n      \r\n<table border="0" cellpadding="0" cellspacing="0">          \r\n<tbody>              \r\n<tr>                  \r\n<td style="width:576px;height:0px;">                      \r\n<p>                    Willkommen bei &nbsp; Als Mitglied haben Sie die M&ouml;glichkeit, Artikel auf unserer Website, die Sie nicht mehr haben benutzen Post und der Zugriff auf unerw&uuml;nschte Elemente bereits von den Mitgliedern der entsandten Blick &nbsp; .Das Hauptziel der Website ist es, unseren Mitgliedern helfen loszuwerden ihre unerw&uuml;nschte Elemente und es ihnen erm&ouml;glichen, Waren, die sie ben&ouml;tigen, untereinander f&uuml;r einen kleinen Preis! Dies ist, indem die Anwender mit jedem anderen auf unserer Website f&uuml;r Gegenst&auml;nde, die sie brauchen zu verhandeln, in eine unterhaltsame und sichere Plattform durchgef&uuml;hrt. Bitte z&ouml;gern Sie nicht uns zu kontaktieren &nbsp; Bei Fragen, Kommentare oder Anregungen &uuml;ber unsere einzigartigen Leistungen.Nochmals vielen Dank f&uuml;r den Beitritt unserer Gemeinde und genie&szlig;en Sie Ihre Erfahrungen an &nbsp; {SITE_NAME}</p>\r\n                  </td>        </tr>              \r\n<tr>                  \r\n<td style="width:576px;height:0px;">                      \r\n<p>                    Willkommen an Bord!</p>\r\n                  </td>        </tr>              \r\n<tr>                  \r\n<td style="width:576px;height:0px;">                      \r\n<p>                    <strong>Warum bezahlen? Wenn man</strong> &nbsp; <strong>{SITE_NAME}</strong></p>\r\n                  </td>        </tr>              \r\n<tr>                  \r\n<td style="width:576px;height:0px;">                      \r\n<p>                    Vielen Dank</p>\r\n                  </td>        </tr>              \r\n<tr>                  \r\n<td style="width:576px;height:0px;">                      \r\n<p>                    &nbsp; {SITE_NAME} Crew.&nbsp;{SITE_URL}</p>\r\n                  </td>        </tr>    </tbody></table>      \r\n<p>    &nbsp;</p>\r\n          \r\n\r\n', 'Willkommen {SITE_NAME}!Ihr Konto wurde erfolgreich erstellt!');
INSERT INTO `eswap_content_lang` (`content_lang_id`, `content_id`, `lang_id`, `content`, `content_title`) VALUES
(138, 26, 5, '<table border="0" cellpadding="4" cellspacing="0" width="586">    <colgroup>        <col>        <col>    </colgroup>    \r\n<tbody>        \r\n<tr>            \r\n<td colspan="2">                \r\n<p>                    Bienvenido a {SITE_NAME}. Como miembro, usted tendra la capacidad de publicar en nuestro sitio articulos que usted ya no tiene uso. Tambien, usted tendra acceso para ver los articulos ya publicados por otros miembros de {SITE_NAME}. El principal objectivo del sitio es aydar a nuestros miembros de deshacerse de los articulos que ustedes no deseas y luego encontrar articulos que necesitas aunque, para un peque&ntilde;o precio.Esto se hace pemitiendo a los usuarios negociar para los articulos que necesitan con los demas de una manera segura y divertida atraves de nustro sitio. Por favor, no dude en conctactar con nosotros con qualqiuer pregunta, comentario o sugerencia acerca de nueatros dervicios unicos. Una vez mas, gracias por unirse a nuestra comunidad y disfrute de su experiencia en {SITE_NAME}.</p>\r\n                \r\n<p>                    &nbsp;</p>\r\n                \r\n<p>                    <u><strong>Detalle de su cuenta :</strong></u></p>\r\n            </td>        </tr>        \r\n<tr>            \r\n<td>                \r\n<p>                    Nombre de usuario</p>\r\n            </td>            \r\n<td>                \r\n<p>                    {LoginName}</p>\r\n            </td>        </tr>        \r\n<tr>            \r\n<td>                \r\n<p>                    Contrasena</p>\r\n            </td>            \r\n<td>                \r\n<p>                    {Password}</p>\r\n            </td>        </tr>        \r\n<tr>            \r\n<td colspan="2">                \r\n<p>                    Bienveniso a bordo!</p>\r\n            </td>        </tr>        \r\n<tr>            \r\n<td colspan="2">                \r\n<p>                    <strong>Porque pagar quando se puede &iquest;{SITE_NAME}?</strong></p>\r\n            </td>        </tr>        \r\n<tr>            \r\n<td colspan="2">                \r\n<p>                    Gracias,</p>\r\n            </td>        </tr>        \r\n<tr>            \r\n<td colspan="2">                \r\n<p>                    {SITE_NAME} Tripulacion. | {SITE_URL}</p>\r\n            </td>        </tr>    </tbody></table>\r\n<p>    &nbsp;</p>', 'Bienvenido a ï¿½{SITE_NAME}! Su cuenta ha sido creada con ï¿½xito! '),
(52, 25, 2, '\r\n<table border="0" cellpadding="0" cellspacing="0">      \r\n<tbody>          \r\n<tr>              \r\n<td colspan="3" style="width:576px;height:0px;">                  \r\n<p>                    Un nouvel &eacute;l&eacute;ment a &eacute;t&eacute; ajout&eacute; &agrave; la liste. Les d&eacute;tails de l''&eacute;l&eacute;ment est donn&eacute;e ci-dessous.</p>\r\n              </td>        </tr>          \r\n<tr>              \r\n<td style="width:362px;height:0px;">                  \r\n<p>                    Produit Install&eacute; Montant</p>\r\n              </td>              \r\n<td style="width:211px;height:0px;">                  \r\n<p>                    {var_settle}</p>\r\n              </td>              \r\n<td style="width:3px;height:0px;">                  \r\n<p>                    &nbsp;</p>\r\n              </td>        </tr>          \r\n<tr>              \r\n<td style="width:362px;height:0px;">                  \r\n<p>                    Montant produit r&eacute;el</p>\r\n              </td>              \r\n<td style="width:211px;height:0px;">                  \r\n<p>                    {var_actual}</p>\r\n              </td>              \r\n<td style="width:3px;height:0px;">                  \r\n<p>                    &nbsp;</p>\r\n              </td>        </tr>          \r\n<tr>              \r\n<td style="width:362px;height:0px;">                  \r\n<p>                    Commission d''entiercement</p>\r\n              </td>              \r\n<td style="width:211px;height:0px;">                  \r\n<p>                    {var_comm}</p>\r\n              </td>              \r\n<td style="width:3px;height:0px;">                  \r\n<p>                    &nbsp;</p>\r\n              </td>        </tr>          \r\n<tr>              \r\n<td style="width:362px;height:0px;">                  \r\n<p>                    Mode de paiement</p>\r\n              </td>              \r\n<td style="width:211px;height:0px;">                  \r\n<p>                    {var_mode}</p>\r\n              </td>              \r\n<td style="width:3px;height:0px;">                  \r\n<p>                    &nbsp;</p>\r\n              </td>        </tr>          \r\n<tr>              \r\n<td colspan="3" style="width:576px;height:0px;">                  \r\n<p>                    Le {SITE_NAME} Equipage | {SITE_URL}</p>\r\n              </td>        </tr>    </tbody></table>  \r\n<p>    &nbsp;</p>\r\n\r\n', 'Votre montant a ï¿½tï¿½ rï¿½glï¿½ par admin ï¿½ {SITE_NAME}'),
(136, 25, 5, '<table border="0" cellpadding="4" cellspacing="0" width="586">    <colgroup>        <col>        <col>        <col>    </colgroup>    \r\n<tbody>        \r\n<tr>            \r\n<td colspan="3">                \r\n<p>                    Un nuevo articulo ha sido anadido a la lista.Los detalles de este articulo se da a continuacion.</p>\r\n            </td>        </tr>        \r\n<tr>            \r\n<td colspan="2">                \r\n<p>                    La cantidad establecido de pagar</p>\r\n            </td>            \r\n<td>                \r\n<p>                    {var_settle}</p>\r\n            </td>        </tr>        \r\n<tr>            \r\n<td colspan="2">                \r\n<p>                    La cantidad real de pagar</p>\r\n            </td>            \r\n<td>                \r\n<p>                    {var_actual}</p>\r\n            </td>        </tr>        \r\n<tr>            \r\n<td colspan="2">                \r\n<p>                    Comision de deposito de garantia</p>\r\n            </td>            \r\n<td>                \r\n<p>                    {var_comm}</p>\r\n            </td>        </tr>        \r\n<tr>            \r\n<td>                \r\n<p>                    Modo de pago</p>\r\n            </td>            \r\n<td colspan="2">                \r\n<p>                    {var_mode}</p>\r\n            </td>        </tr>        \r\n<tr>            \r\n<td colspan="3">                \r\n<p>                    El {SITE_NAME} Tripulacion | {SITE_URL}</p>\r\n            </td>        </tr>    </tbody></table>\r\n<p>    &nbsp;</p>', 'La cantidad ha sido resuelta por la administracion en {SITE_NAME}'),
(121, 16, 6, '\r\n  \r\n<p>    jemand Sie wissen, hat Sie in unserem Sinne "Premier-Site f&uuml;r On-line Swapping oder Selling Unerw&uuml;nschte Objekte in der Welt." Bitte nehmen Sie sich Zeit, um die Links unten, um in einem kurzen &Uuml;berblick dar&uuml;ber, wie unsere Dienstleistungen kann ein Vorteil f&uuml;r Sie sein teilzunehmen, indem Sie folgen</p>\r\n      \r\n<table border="0" cellpadding="0" cellspacing="0">        \r\n<tbody>            \r\n<tr>                \r\n<td style="width:576px;height:0px;">                    \r\n<p>                    {LINK_F}</p>\r\n                </td>        </tr>            \r\n<tr>                \r\n<td style="width:576px;height:0px;">                    \r\n<p>                    Zur Registrierung mit {SITE_NAME} k&ouml;nnen Sie diesen Link, indem Sie {LINK_R} verwenden</p>\r\n                </td>        </tr>            \r\n<tr>                \r\n<td style="width:576px;height:0px;">                    \r\n<p>                    Vielen Dank!</p>\r\n                </td>        </tr>            \r\n<tr>                \r\n<td style="width:576px;height:0px;">                    \r\n<p>                    {SITE_NAME} Crew.&nbsp;{SITE_URL}</p>\r\n                </td>        </tr>    </tbody></table>    \r\n<p>    &nbsp;</p>\r\n    \r\n\r\n', 'Herzlichen Glï¿½ckwunsch von {SITE_NAME}!'),
(54, 16, 2, '\r\n  \r\n<p>    quelqu''un que vous connaissez vous a r&eacute;f&eacute;r&eacute; &agrave; notre "premier site pour en ligne Echange ou vente des articles non d&eacute;sir&eacute;s au monde." S''il vous pla&icirc;t prenez le temps de suivre les liens donn&eacute;s ci-dessous pour participer &agrave; un court sondage sur la fa&ccedil;on dont nos services peut &ecirc;tre un avantage pour vous en cliquant</p>\r\n      \r\n<table border="0" cellpadding="0" cellspacing="0">        \r\n<tbody>            \r\n<tr>                \r\n<td style="width:576px;height:0px;">                    \r\n<p>                    {LINK_F}</p>\r\n                </td>        </tr>            \r\n<tr>                \r\n<td style="width:576px;height:0px;">                    \r\n<p>                    Pour s''inscrire &agrave; {SITE_NAME}, vous pouvez utiliser ce lien en cliquant sur {LINK_R}</p>\r\n                </td>        </tr>            \r\n<tr>                \r\n<td style="width:576px;height:0px;">                    \r\n<p>                    Merci,</p>\r\n                </td>        </tr>            \r\n<tr>                \r\n<td style="width:576px;height:0px;">                    \r\n<p>                    {SITE_NAME} Crew. | {SITE_URL}</p>\r\n                </td>        </tr>    </tbody></table>    \r\n<p>    &nbsp;</p>\r\n    \r\n\r\n', 'Fï¿½licitations de la part {SITE_NAME}!'),
(53, 18, 2, '\r\n  \r\n<table border="0" cellpadding="0" cellspacing="0">        \r\n<tbody>            \r\n<tr>                \r\n<td colspan="2" style="width:576px;height:0px;">                    \r\n<p>                    Nouveau commentaire de {txtName}</p>\r\n                </td>        </tr>            \r\n<tr>                \r\n<td style="width:124px;height:0px;">                    \r\n<p>                    &nbsp;</p>\r\n                </td>                \r\n<td style="width:452px;height:0px;">                    \r\n<p>                    &nbsp;</p>\r\n                </td>        </tr>            \r\n<tr>                \r\n<td style="width:124px;height:0px;">                    \r\n<p>                    D&eacute;nomination</p>\r\n                </td>                \r\n<td style="width:452px;height:0px;">                    \r\n<p>                    {txtName}</p>\r\n                </td>        </tr>            \r\n<tr>                \r\n<td style="width:124px;height:0px;">                    \r\n<p>                    E-mail</p>\r\n                </td>                \r\n<td style="width:452px;height:0px;">                    \r\n<p>                    {txtEmail}</p>\r\n                </td>        </tr>            \r\n<tr>                \r\n<td style="width:124px;height:0px;">                    \r\n<p>                    Adresse</p>\r\n                </td>                \r\n<td style="width:452px;height:0px;">                    \r\n<p>                    {txtAdresse}</p>\r\n                </td>        </tr>            \r\n<tr>                \r\n<td style="width:124px;height:0px;">                    \r\n<p>                    T&eacute;l&eacute;phone</p>\r\n                </td>                \r\n<td style="width:452px;height:0px;">                    \r\n<p>                    {txtPhone}</p>\r\n                </td>        </tr>            \r\n<tr>                \r\n<td style="width:124px;height:0px;">                    \r\n<p>                    Commentaire</p>\r\n                </td>                \r\n<td style="width:452px;height:0px;">                    \r\n<p>                    {txtMsg}</p>\r\n                </td>        </tr>            \r\n<tr>                \r\n<td style="width:124px;height:0px;">                    \r\n<p>                    &nbsp;</p>\r\n                </td>                \r\n<td style="width:452px;height:0px;">                    \r\n<p>                    &nbsp;</p>\r\n                </td>        </tr>            \r\n<tr>                \r\n<td colspan="2" style="width:576px;height:0px;">                    \r\n<p>                    Merci,</p>\r\n                </td>        </tr>            \r\n<tr>                \r\n<td colspan="2" style="width:576px;height:0px;">                    \r\n<p>                    {SITE_NAME} Crew. | {SITE_URL}</p>\r\n                </td>        </tr>    </tbody></table>    \r\n<p>    &nbsp;</p>\r\n    \r\n\r\n', 'Nouveau commentaire de {txtName}!'),
(55, 17, 2, '\r\n<table border="0" cellpadding="0" cellspacing="0">      \r\n<tbody>          \r\n<tr>              \r\n<td colspan="3" style="width:576px;height:0px;">                  \r\n<p>                    Apr&egrave;s le point a &eacute;t&eacute; vendu &agrave; {SITE_NAME}</p>\r\n              </td>        </tr>          \r\n<tr>              \r\n<td style="width:125px;height:0px;">                  \r\n<p>                    Nom du Produit</p>\r\n              </td>              \r\n<td style="width:448px;height:0px;">                  \r\n<p>                    {var_title}</p>\r\n              </td>              \r\n<td style="width:3px;height:0px;">                  \r\n<p>                    &nbsp;</p>\r\n              </td>        </tr>          \r\n<tr>              \r\n<td style="width:125px;height:0px;">                  \r\n<p>                    Montant des produits</p>\r\n              </td>              \r\n<td style="width:448px;height:0px;">                  \r\n<p>                    {var_amount}</p>\r\n              </td>              \r\n<td style="width:3px;height:0px;">                  \r\n<p>                    &nbsp;</p>\r\n              </td>        </tr>          \r\n<tr>              \r\n<td style="width:125px;height:0px;">                  \r\n<p>                    Quantity</p>\r\n              </td>              \r\n<td style="width:448px;height:0px;">                  \r\n<p>                    {var_quantity}</p>\r\n              </td>              \r\n<td style="width:3px;height:0px;">                  \r\n<p>                    &nbsp;</p>\r\n              </td>        </tr>          \r\n<tr>              \r\n<td style="width:125px;height:0px;">                  \r\n<p>                    Identifiant de transaction</p>\r\n              </td>              \r\n<td style="width:448px;height:0px;">                  \r\n<p>                    {txnid}</p>\r\n              </td>              \r\n<td style="width:3px;height:0px;">                  \r\n<p>                    &nbsp;</p>\r\n              </td>        </tr>          \r\n<tr>              \r\n<td style="width:125px;height:0px;">                  \r\n<p>                    Acheteur</p>\r\n              </td>              \r\n<td style="width:448px;height:0px;">                  \r\n<p>                    {guserFName}</p>\r\n              </td>              \r\n<td style="width:3px;height:0px;">                  \r\n<p>                    &nbsp;</p>\r\n              </td>        </tr>          \r\n<tr>              \r\n<td colspan="3" style="width:576px;height:0px;">                  \r\n<p>                    Le {SITE_NAME} Equipage | {SITE_URL}</p>\r\n              </td>        </tr>    </tbody></table>  \r\n<p>    &nbsp;</p>\r\n\r\n', 'Un de vos produits ï¿½numï¿½rï¿½s ï¿½ {SITE_NAME} a ï¿½tï¿½ vendu'),
(90, 5, 5, 'Intercambiar y obtener puntos ', ''),
(91, 5, 6, 'Swap und erhalten Sie Punkte ', ''),
(92, 6, 5, 'puntos', ''),
(93, 6, 6, 'Punkte', ''),
(94, 31, 2, '\r\n      \r\n<p class="MsoNormal" style="margin-top:14.0pt">  </p>\r\n  \r\n<p class="MsoNormal" style="margin-top:14.0pt"><span style="mso-fareast-font-family:  " &#39?;mso-bidi-font-family:?&#39?;color:black?="" lang="RU">&Ecirc;tes-vous fatigu&eacute; de  tout cela? Travailler dur pour la vente de votre marchandise sur des sites Web,  seulement pour voir votre argent durement gagn&eacute; a &eacute;t&eacute; prise loin de vous &agrave;  cause de droits d''inscription &eacute;lev&eacute;s et etc .. Eh bien, {site_name} encourage  nos membres &agrave; la vente sur notre site. Nous vous pr&eacute;sentons, nos ventes de cash  back Programme de r&eacute;compenses.</span></p>\r\n        \r\n<p class="MsoNormal" style="margin-top:14.0pt;margin-right:0in;margin-bottom:  14.0pt;margin-left:0in"><span style="mso-fareast-font-family:" &#39?;="" mso-bidi-font-family:?&#39?;color:black?="" lang="RU">En tant que membre de {site_name},  vous pourriez commencer &agrave; gagner de cash back lorsque les &eacute;l&eacute;ments vente que  vous sur notre site. Parce que nous de cr&eacute;dit &agrave; notre Sellers 1% de notre  commission de 2% de petites d''inscription d''une question sur le site, comme les  bonus cash back sur toutes les ventes sur {currency_code} 300. C''est tout  simplement notre fa&ccedil;on de montrer notre gratitude envers vous, car, nous  croyons, vous &ecirc;tes le conseiller &agrave; la vente!</span></p>\r\n        \r\n<p class="MsoNormal"><span style="mso-fareast-font-family:" &#39?;="" mso-bidi-font-family:?&#39?;color:black?="" lang="RU">Bien, nous vous fournissons les  outils n&eacute;cessaires &agrave; la vente sur le site, le meilleur outil que nous pouvons  vous fournir est</span><span lang="RU"> </span><span style="mso-fareast-font-family:  " &#39?;mso-bidi-font-family:?&#39?;color:black?="" lang="RU">&nbsp;</span><span lang="RU"> </span><b><span style="mso-fareast-font-family:" &#39?;mso-bidi-font-family:?&#39?;="" color:black?="" lang="RU">MOTIVATION.</span></b><span lang="RU"> </span><span style="mso-fareast-font-family:" &#39?;mso-bidi-font-family:?&#39?;="" color:black?="" lang="RU">&nbsp;</span><span lang="RU"> </span><span style="mso-fareast-font-family:  " &#39?;mso-bidi-font-family:?&#39?;color:black?="" lang="RU">Que vous soyez un  vendeur internet exp&eacute;riment&eacute; ou un d&eacute;butant, avec un effort minimal de ce  programme va travailler pour quelqu''un.Alors que d''autres sites sont occup&eacute;s r&eacute;colter  les fruits de vendeurs sur leurs sites. Nous sommes en train de construire un  int&eacute;r&ecirc;t partag&eacute; avec nos Associ&eacute;s. Nous vous promettons, vous allez adorer  notre cash back</span><span lang="RU"> </span><span style="mso-fareast-font-family:  " &#39?;mso-bidi-font-family:?&#39?;color:black?="" lang="RU">&nbsp;</span><span lang="RU"> </span><b><u><span style="mso-fareast-font-family:" &#39?;mso-bidi-font-family:?&#39?;="" color:black?="" lang="RU">Les ventes Programme de r&eacute;compenses,</span></u></b><span lang="RU"> </span><span style="mso-fareast-font-family:" &#39?;mso-bidi-font-family:?&#39?;="" color:black?="" lang="RU">et vous pouvez prendre cela &agrave; la banque!</span></p>\r\n      \r\n<p></p>\r\n                  \r\n\r\n', 'Politique des Bonus Cash Back'),
(56, 19, 2, '\r\n                  \r\n<table border="0" cellpadding="0" cellspacing="0">  	          \r\n<tbody>  		          \r\n<tr>  			          \r\n<td colspan="3" style="width:576px;height:0px;">  				          \r\n<p>  					Nouvel &eacute;l&eacute;ment  a &eacute;t&eacute; ajout&eacute;</p>\r\n          			</td>  		</tr>  		          \r\n<tr>  			          \r\n<td style="width:128px;height:0px;">  				          \r\n<p>  					cat&eacute;gorie</p>\r\n          			</td>  			          \r\n<td style="width:444px;height:0px;">  				          \r\n<p>  					<strong>{txtCategoryname}</strong></p>\r\n          			</td>  			          \r\n<td style="width:3px;height:0px;">  				          \r\n<p>  					&nbsp;</p>\r\n          			</td>  		</tr>  		          \r\n<tr>  			          \r\n<td style="width:128px;height:0px;">  				          \r\n<p>  					Titre</p>\r\n          			</td>  			          \r\n<td style="width:444px;height:0px;">  				          \r\n<p>  					<strong>{txtTitle}</strong></p>\r\n          			</td>  			          \r\n<td style="width:3px;height:0px;">  				          \r\n<p>  					&nbsp;</p>\r\n          			</td>  		</tr>  		          \r\n<tr>  			          \r\n<td style="width:128px;height:0px;">  				          \r\n<p>  					Marque</p>\r\n          			</td>  			          \r\n<td style="width:444px;height:0px;">  				          \r\n<p>  					<strong>{txtBrand}</strong></p>\r\n          			</td>  			          \r\n<td style="width:3px;height:0px;">  				          \r\n<p>  					&nbsp;</p>\r\n          			</td>  		</tr>  		          \r\n<tr>  			          \r\n<td style="width:128px;height:0px;">  				          \r\n<p>  					Type EC</p>\r\n          			</td>  			          \r\n<td style="width:444px;height:0px;">  				          \r\n<p>  					<strong>{ddlType}</strong></p>\r\n          			</td>  			          \r\n<td style="width:3px;height:0px;">  				          \r\n<p>  					&nbsp;</p>\r\n          			</td>  		</tr>  		          \r\n<tr>  			          \r\n<td style="width:128px;height:0px;">  				          \r\n<p>  					Condition</p>\r\n          			</td>  			          \r\n<td style="width:444px;height:0px;">  				          \r\n<p>  					<strong>{ddlCondition}</strong></p>\r\n          			</td>  			          \r\n<td style="width:3px;height:0px;">  				          \r\n<p>  					&nbsp;</p>\r\n          			</td>  		</tr>  		          \r\n<tr>  			          \r\n<td style="width:128px;height:0px;">  				          \r\n<p>  					Ann&eacute;e</p>\r\n          			</td>  			          \r\n<td style="width:444px;height:0px;">  				          \r\n<p>  					<strong>{txtYear}</strong></p>\r\n          			</td>  			          \r\n<td style="width:3px;height:0px;">  				          \r\n<p>  					&nbsp;</p>\r\n          			</td>  		</tr>  		          \r\n<tr>  			          \r\n<td style="width:128px;height:0px;">  				          \r\n<p>  					{pricename}</p>\r\n          			</td>  			          \r\n<td style="width:444px;height:0px;">  				          \r\n<p>  					<strong>{txtValue}</strong></p>\r\n          			</td>  			          \r\n<td style="width:3px;height:0px;">  				          \r\n<p>  					&nbsp;</p>\r\n          			</td>  		</tr>  		          \r\n<tr>  			          \r\n<td colspan="3" style="width:576px;height:0px;">  				          \r\n<p>  					Merci!</p>\r\n          			</td>  		</tr>  		          \r\n<tr>  			          \r\n<td colspan="3" style="width:576px;height:0px;">  				          \r\n<p>  					{SITE_NAME} Crew. | {SITE_URL}</p>\r\n          			</td>  		</tr>  	</tbody>  </table>          \r\n<p>  	&nbsp;</p>\r\n                          \r\n\r\n', 'Nouvel ï¿½lï¿½ment ajoutï¿½ ï¿½ la liste des ventes!'),
(85, 2, 6, 'Swap alles', ''),
(86, 3, 5, 'de intercambio, comercio, cambio,  todo intercambio, intercambio deplataforma, el trueque de software, virtual swapmeet, los productos de intercambio,mercado de pulgas virtuales', ''),
(87, 3, 6, 'Swap-, Handels-, Austausch, tauschen alles, Swapping-Plattform, Tausch-Software, virtuelle swapmeet, Swap-Produkten, virtuellen Flohmarkt\r\n', ''),
(88, 4, 5, 'eSwap es una lï¿½nea completa plataforma de intercambio que le permite intercambiarelementos no deseados de las cosas que usted necesita. Usted puede cambiarcualquier elemento no deseado de su casa o negocio a otros que pueden hacer uso de ellos. Usted puede vender y comprar artï¿½culos en el sitio tambiï¿½n.\r\n', ''),
(89, 4, 6, 'eSwap ist eine Online-Plattform komplett tauschen so dass Sie unerwï¿½nschte Elemente fï¿½r Dinge, die Sie Tauschhandel. Sie kï¿½nnen alle unerwï¿½nschten Elemente aus geschï¿½ftlichen oder privaten, andere, die fï¿½r sie haben kï¿½nnen Verwendung zu tauschen. Sie kï¿½nnen kaufen und verkaufen Gegenstï¿½nde von der Baustelle zu.\r\n', ''),
(57, 20, 2, '\r\n  \r\n<table border="0" cellpadding="0" cellspacing="0">        \r\n<tbody>            \r\n<tr>                \r\n<td style="width:576px;height:0px;">                    \r\n<p>                    Soit vous ou quelqu''un a demand&eacute; de r&eacute;initialiser le mot de passe. Si vous souhaitez r&eacute;initialiser votre mot de passe s''il vous pla&icirc;t cliquer sur le lien suivant</p>\r\n                </td>        </tr>            \r\n<tr>                \r\n<td style="width:576px;height:0px;">                    \r\n<p>                    {reset_link}</p>\r\n                </td>        </tr>            \r\n<tr>                \r\n<td style="width:576px;height:0px;">                    \r\n<p>                    Merci!</p>\r\n                </td>        </tr>            \r\n<tr>                \r\n<td style="width:576px;height:0px;">                    \r\n<p>                    {SITE_NAME} Crew. | {SITE_URL}</p>\r\n                </td>        </tr>    </tbody></table>    \r\n<p>    &nbsp;</p>\r\n    \r\n\r\n', 'mot de passe Rï¿½initialisation!'),
(129, 20, 6, '\r\n  \r\n<table border="0" cellpadding="0" cellspacing="0">        \r\n<tbody>            \r\n<tr>                \r\n<td style="width:576px;height:0px;">                    \r\n<p>                    Entweder Sie oder jemand hat beantragt, um das Kennwort zur&uuml;ckzusetzen. Wenn Sie m&ouml;chten, um Ihr Passwort zur&uuml;ckzusetzen, klicken Sie bitte auf den folgenden Link</p>\r\n                </td>        </tr>            \r\n<tr>                \r\n<td style="width:576px;height:0px;">                    \r\n<p>                    {reset_link}</p>\r\n                </td>        </tr>            \r\n<tr>                \r\n<td style="width:576px;height:0px;">                    \r\n<p>                    Vielen Dank</p>\r\n                </td>        </tr>            \r\n<tr>                \r\n<td style="width:576px;height:0px;">                    \r\n<p>                    {SITE_NAME} Crew.&nbsp;{SITE_URL}</p>\r\n                </td>        </tr>    </tbody></table>    \r\n<p>    &nbsp;</p>\r\n    \r\n\r\n', 'Zurï¿½cksetzen des Passworts!'),
(58, 21, 2, '\r\n  \r\n<table border="0" cellpadding="0" cellspacing="0">        \r\n<tbody>            \r\n<tr>                \r\n<td colspan="2" style="width:576px;height:0px;">                    \r\n<p>                    Bienvenue &agrave; {SITE_NAME} En tant que membre, vous aurez la possibilit&eacute; de publier des &eacute;l&eacute;ments sur notre site que vous n''avez plus l''utilisation et l''acc&egrave;s pour afficher les &eacute;l&eacute;ments ind&eacute;sirables d&eacute;j&agrave; post&eacute;s par les membres de {SITE_NAME}. L''objectif principal du site est d''aider nos membres &agrave; se d&eacute;barrasser de leurs &eacute;l&eacute;ments ind&eacute;sirables et de leur permettre de trouver des biens dont ils ont besoin parmi les uns des autres pour un petit prix! Ceci est fait en permettant aux utilisateurs de n&eacute;gocier avec eux sur notre site des articles dont ils ont besoin, dans un environnement amusant et plate-forme s&eacute;curis&eacute;e. S''il vous pla&icirc;t, n''h&eacute;sitez pas &agrave; nous contacter au {SITE_EMAIL} avec toutes les questions, commentaires ou suggestions sur nos services uniques. Encore une fois, merci pour rejoindre notre communaut&eacute; et profiter de votre exp&eacute;rience &agrave; {SITE_URL}. &nbsp;<br />                    <strong><u>D&eacute;tails de votre compte comme suit:</u></strong></p>\r\n                </td>        </tr>            \r\n<tr>                \r\n<td style="width:92px;height:0px;">                    \r\n<p>                    Nom utilisateur</p>\r\n                </td>                \r\n<td style="width:484px;height:0px;">                    \r\n<p>                    {LoginName}</p>\r\n                </td>        </tr>            \r\n<tr>                \r\n<td style="width:92px;height:0px;">                    \r\n<p>                    Mot de passe</p>\r\n                </td>                \r\n<td style="width:484px;height:0px;">                    \r\n<p>                    {Password}</p>\r\n                </td>        </tr>            \r\n<tr>                \r\n<td colspan="2" style="width:576px;height:0px;">                    \r\n<p>                    Bienvenue &agrave; bord!</p>\r\n                </td>        </tr>            \r\n<tr>                \r\n<td colspan="2" style="width:576px;height:0px;">                    \r\n<p>                    <strong>Pourquoi payer? Lorsque vous pouvez {SITE_NAME}!</strong></p>\r\n                </td>        </tr>            \r\n<tr>                \r\n<td colspan="2" style="width:576px;height:0px;">                    \r\n<p>                    Merci!</p>\r\n                </td>        </tr>            \r\n<tr>                \r\n<td colspan="2" style="width:576px;height:0px;">                    \r\n<p>                    {SITE_NAME} Crew. | {SITE_URL}</p>\r\n                </td>        </tr>    </tbody></table>    \r\n<p>    &nbsp;</p>\r\n    \r\n\r\n', 'Bienvenue ï¿½ {SITE_NAME}!Votre compte a ï¿½tï¿½ crï¿½ï¿½ avec succï¿½s!'),
(61, 33, 1, '\r\n              \r\n<table class="maintext2" border="0" cellpadding="4" cellspacing="1" width="100%">                                        \r\n<tbody>          \r\n<tr bgcolor="#ffffff">                                          \r\n<td colspan="2" class="maintext2" align="left">A new user has registered with {SITE_NAME}. Given below are his details:</td>                              </tr>                                        \r\n<tr bgcolor="#ffffff">                                          \r\n<td align="left" width="22%">User Name</td>                                          \r\n<td width="78%">{var_login_name}</td>                              </tr>                                                                              \r\n<tr bgcolor="#ffffff">                                          \r\n<td align="left">Email</td>                                          \r\n<td>{var_email}</td>                              </tr>                                        \r\n<tr bgcolor="#ffffff">                                          \r\n<td colspan="2" align="left">Thank You,</td>                              </tr>                                        \r\n<tr bgcolor="#ffffff">                                          \r\n<td colspan="2" align="left">{SITE_NAME} Crew. | {SITE_URL}</td>                              </tr>                            </tbody></table>                \r\n\r\n', 'New Registration with {SITE_NAME}!'),
(59, 32, 1, '\r\n                       \r\n<table class="maintext2" border="0" cellpadding="4" cellspacing="1" width="100%">                                          \r\n<tbody>            \r\n<tr bgcolor="#ffffff">                                            \r\n<td colspan="2" class="maintext2" align="left">Welcome to     {SITE_NAME} As a member, you will have the capability to   post items on   our site that you no longer have use for and the access   to view   unwanted items already posted by members of {SITE_NAME}.      The main   aim of the site is to help our members get rid of their   unwanted items   and enable them to find goods that they need amongst each   other for a   small price!     This is done by allowing users to   negotiate with   each other on our site for items they need, in a fun, and   secure   platform. Please do not hesitate to contact us at {SITE_EMAIL}   with any   questions,  comments, or suggestions about our unique services.        Once again, thanks for joining our community and enjoy your   experience   at {SITE_URL}.    <b><u><br />Your account details     as follows :</u></b>  </td>                                </tr>                                            \r\n<tr bgcolor="#ffffff">                                            \r\n<td align="left" width="14%">User Name</td>                                                \r\n<td width="86%">{LoginName}</td>                                  </tr>                                          \r\n<tr bgcolor="#ffffff">                                            \r\n<td align="left">Password</td>                                                \r\n<td>{Password}</td>                              </tr>              \r\n<tr bgcolor="#ffffff">                                            \r\n<td colspan="2" align="left"><b><u>Click the following     link to activate your account :</u></b></td>                                  </tr>                                          \r\n<tr bgcolor="#ffffff">                                            \r\n<td colspan="2" align="left">{activate_link}<br /></td>                              </tr>            \r\n<tr bgcolor="#ffffff">                                            \r\n<td colspan="2" align="left">Welcome Aboard!</td>                                  </tr>                                          \r\n<tr bgcolor="#ffffff">                                            \r\n<td colspan="2" align="left"><b>Why Pay? When You Can     {SITE_NAME}!</b></td>                                  </tr>                                          \r\n<tr bgcolor="#ffffff">                                            \r\n<td colspan="2" align="left">Thank You,</td>                                  </tr>                                          \r\n<tr bgcolor="#ffffff">                                            \r\n<td colspan="2" align="left">{SITE_NAME} Crew. | {SITE_URL}<br /></td>                              </tr>                                </tbody></table>                \r\n\r\n', 'Welcome to {SITE_NAME}! Your account has been successfully created!'),
(60, 32, 2, '\r\n  \r\n<table border="0" cellpadding="0" cellspacing="0">        \r\n<tbody>            \r\n<tr>                \r\n<td colspan="2" style="width:576px;height:0px;">                    \r\n<p>                    Bienvenue &agrave; {SITE_NAME} En tant que membre, vous aurez la possibilit&eacute; de publier des &eacute;l&eacute;ments sur notre site que vous n''avez plus l''utilisation et l''acc&egrave;s pour afficher les &eacute;l&eacute;ments ind&eacute;sirables d&eacute;j&agrave; post&eacute;s par les membres de {SITE_NAME}. L''objectif principal du site est d''aider nos membres &agrave; se d&eacute;barrasser de leurs &eacute;l&eacute;ments ind&eacute;sirables et de leur permettre de trouver des biens dont ils ont besoin parmi les uns des autres pour un petit prix! Ceci est fait en permettant aux utilisateurs de n&eacute;gocier avec eux sur notre site des articles dont ils ont besoin, dans un environnement amusant et plate-forme s&eacute;curis&eacute;e. S''il vous pla&icirc;t, n''h&eacute;sitez pas &agrave; nous contacter au {SITE_EMAIL} avec toutes les questions, commentaires ou suggestions sur nos services uniques. Encore une fois, merci pour rejoindre notre communaut&eacute; et profiter de votre exp&eacute;rience &agrave; {SITE_URL}. &nbsp;<br />                    <strong><u>D&eacute;tails de votre compte comme suit:</u></strong></p>\r\n                </td>        </tr>            \r\n<tr>                \r\n<td style="width:92px;height:0px;">                    \r\n<p>                    Nom utilisateur</p>\r\n                </td>                \r\n<td style="width:484px;height:0px;">                    \r\n<p>                    {LoginName}</p>\r\n                </td>        </tr>            \r\n<tr>                \r\n<td style="width:92px;height:0px;">                    \r\n<p>                    Mot de passe</p>\r\n                </td>                \r\n<td style="width:484px;height:0px;">                    \r\n<p>                    {Password}</p>\r\n                </td>        </tr>            \r\n<tr>                \r\n<td colspan="2" style="width:576px;height:0px;">                    \r\n<p>                    <strong><u>Cliquez sur le lien suivant pour activer votre compte:</u></strong></p>\r\n                </td>        </tr>            \r\n<tr>                \r\n<td colspan="2" style="width:576px;height:0px;">                    \r\n<p>                    {activate_link}</p>\r\n                </td>        </tr>            \r\n<tr>                \r\n<td colspan="2" style="width:576px;height:0px;">                    \r\n<p>                    Bienvenue &agrave; bord!</p>\r\n                </td>        </tr>            \r\n<tr>                \r\n<td colspan="2" style="width:576px;height:0px;">                    \r\n<p>                    <strong>Pourquoi payer? Lorsque vous pouvez {SITE_NAME}!</strong></p>\r\n                </td>        </tr>            \r\n<tr>                \r\n<td colspan="2" style="width:576px;height:0px;">                    \r\n<p>                    Merci!</p>\r\n                </td>        </tr>            \r\n<tr>                \r\n<td colspan="2" style="width:576px;height:0px;">                    \r\n<p>                    {SITE_NAME} Crew. | {SITE_URL}</p>\r\n                </td>        </tr>    </tbody></table>    \r\n<p>    &nbsp;</p>\r\n    \r\n\r\n', 'Bienvenue ï¿½ {SITE_NAME}!Votre compte a ï¿½tï¿½ crï¿½ï¿½ avec succï¿½s!'),
(148, 32, 5, '<table border="0" cellpadding="4" cellspacing="0" width="586">    <colgroup>        <col>        <col>    </colgroup>    \r\n<tbody>        \r\n<tr>            \r\n<td colspan="2">                \r\n<p>                    Bienvenido a<u> </u>{SITE_NAME}. Como miembro, usted tendra la capacidad de publicar en nuestro sitio articulos que usted ya no tiene uso. Tambien, usted tendra acceso para ver los articulos ya publicados por otros miembros de {SITE_NAME}. El principal objectivo del sitio es aydar a nuestros miembros de deshacerse de los articulos que ustedes no deseas y luego encontrar articulos que necesitas aunque, para un peque&ntilde;o precio.Esto se hace pemitiendo a los usuarios negociar para los articulos que necesitan con los demas de una manera segura y divertida atraves de nustro sitio. Por favor, no dude en conctactar con nosotros en {SITE_EMAIL} con cualquier pregunta, comentario o sugerencia acerca de nueatros dervicios unicos. Una vez mas, gracias por unirse a nuestra comunidad y disfrute de su experiencia en {SITE_NAME}.</p>\r\n                \r\n<p>                    &nbsp;</p>\r\n                \r\n<p>                    <u><strong>Detalle de su cuenta :</strong></u></p>\r\n            </td>        </tr>        \r\n<tr>            \r\n<td>                \r\n<p>                    Nombre de usuario</p>\r\n            </td>            \r\n<td>                \r\n<p>                    {LoginName}</p>\r\n            </td>        </tr>        \r\n<tr>            \r\n<td>                \r\n<p>                    Contrasena</p>\r\n            </td>            \r\n<td>                \r\n<p>                    {Password}</p>\r\n            </td>        </tr>        \r\n<tr>            \r\n<td colspan="2">                \r\n<p>                    Bienveniso a bordo!</p>\r\n            </td>        </tr>        \r\n<tr>            \r\n<td colspan="2">                \r\n<p>                    <strong>Porque pagar quando se puede &iexcl;{SITE_NAME}!</strong></p>\r\n            </td>        </tr>        \r\n<tr>            \r\n<td colspan="2">                \r\n<p>                    Gracias,</p>\r\n            </td>        </tr>        \r\n<tr>            \r\n<td colspan="2">                \r\n<p>                    {SITE_NAME} Tripulacion. | {SITE_URL}</p>\r\n            </td>        </tr>    </tbody></table>\r\n<p>    &nbsp;</p>', 'Bienvenido a {SITE_NAME}! Su cuenta ha sido creada con ï¿½xito! '),
(62, 33, 2, '\r\n              \r\n<table border="0" cellpadding="0" cellspacing="0">              \r\n<tbody>                  \r\n<tr>                      \r\n<td colspan="3" style="width:576px;height:0px;">                          \r\n<p>                    Un nouvel utilisateur s''est   enregistr&eacute; avec {SITE_NAME}. Ci-dessous sont ses   coordonn&eacute;es:</p>\r\n                      </td>        </tr>                  \r\n<tr>                      \r\n<td style="width:134px;height:0px;">                          \r\n<p>                    Nom utilisateur</p>\r\n                      </td>                      \r\n<td style="width:438px;height:0px;">                          \r\n<p>                    {var_login_name}</p>\r\n                      </td>                      \r\n<td style="width:3px;height:0px;">                          \r\n<p>                    &nbsp;</p>\r\n                      </td>        </tr>                                  \r\n<tr>                      \r\n<td style="width:134px;height:0px;">                          \r\n<p>                    E-mail</p>\r\n                      </td>                      \r\n<td style="width:438px;height:0px;">                          \r\n<p>                    {var_email}</p>\r\n                      </td>                      \r\n<td style="width:3px;height:0px;">                          \r\n<p>                    &nbsp;</p>\r\n                      </td>        </tr>                  \r\n<tr>                      \r\n<td colspan="3" style="width:576px;height:0px;">                          \r\n<p>                    Merci!</p>\r\n                      </td>        </tr>                  \r\n<tr>                      \r\n<td colspan="3" style="width:576px;height:0px;">                          \r\n<p>                    {SITE_NAME} Crew. | {SITE_URL}</p>\r\n                      </td>        </tr>      </tbody></table>          \r\n<p>    &nbsp;</p>\r\n                      \r\n\r\n', 'Nouvelle inscription avec {SITE_NAME}!'),
(150, 33, 5, '<table border="0" cellpadding="4" cellspacing="0" width="586">    <colgroup>        <col>        <col>    </colgroup>    \r\n<tbody>        \r\n<tr>            \r\n<td colspan="2">                \r\n<p>                    Un Nuevo usuario se ha registrado en {SITE_NAME}. A continuacion se presentan los detalles:</p>\r\n            </td>        </tr>        \r\n<tr>            \r\n<td>                \r\n<p>                    Nombre de usuario</p>\r\n            </td>            \r\n<td>                \r\n<p>                    {var_login_name}</p>\r\n            </td>        </tr>        \r\n<tr>            \r\n<td>                \r\n<p>                    Apellido</p>\r\n            </td>            \r\n<td>                \r\n<p>                    {var_first_name}</p>\r\n            </td>        </tr>        \r\n<tr>            \r\n<td>                \r\n<p>                    Dir. de correo electronica</p>\r\n            </td>            \r\n<td>                \r\n<p>                    {var_email}</p>\r\n            </td>        </tr>        \r\n<tr>            \r\n<td colspan="2">                \r\n<p>                    Gracias,</p>\r\n            </td>        </tr>        \r\n<tr>            \r\n<td colspan="2">                \r\n<p>                    {SITE_NAME} Tripulacion. | {SITE_URL}</p>\r\n            </td>        </tr>    </tbody></table>\r\n<p>    &nbsp;</p>', 'Nuevo registro con {SITE_NAME}!'),
(133, 23, 6, '\r\n  \r\n<table border="0" cellpadding="0" cellspacing="0">        \r\n<tbody>            \r\n<tr>                \r\n<td style="width:576px;height:0px;">                    \r\n<p>                    Ihr Passwort wurde zur&uuml;ckgesetzt. Ihr neues Passwort ist &nbsp; <strong>{</strong><strong>newpass</strong><strong>}</strong> &nbsp; Bitte benutzen Sie das neue Passwort um sich einzuloggen.</p>\r\n                </td>        </tr>            \r\n<tr>                \r\n<td style="width:576px;height:0px;">                    \r\n<p>                    Vielen Dank</p>\r\n                </td>        </tr>            \r\n<tr>                \r\n<td style="width:576px;height:0px;">                    \r\n<p>                    {SITE_NAME} Crew.&nbsp;{SITE_URL}</p>\r\n                </td>        </tr>    </tbody></table>    \r\n<p>    &nbsp;</p>\r\n    \r\n\r\n', 'Passwort zurï¿½cksetzen'),
(63, 24, 2, '\r\n<table border="0" cellpadding="0" cellspacing="0">      \r\n<tbody>          \r\n<tr>              \r\n<td style="width:232px;height:0px;">                  \r\n<p>                    {comments}</p>\r\n              </td>              \r\n<td style="width:341px;height:0px;">                  \r\n<p>                    &nbsp;</p>\r\n              </td>              \r\n<td style="width:3px;height:0px;">                  \r\n<p>                    &nbsp;</p>\r\n              </td>        </tr>          \r\n<tr>              \r\n<td style="width:232px;height:0px;">                  \r\n<p>                    Cliquez sur l''adresse Internet suivante ou copiez et collez-le dans la bo&icirc;te d''adresse de votre navigateur.</p>\r\n              </td>              \r\n<td style="width:341px;height:0px;">                  \r\n<p>                    &nbsp;</p>\r\n              </td>              \r\n<td style="width:3px;height:0px;">                  \r\n<p>                    &nbsp;</p>\r\n              </td>        </tr>          \r\n<tr>              \r\n<td style="width:232px;height:0px;">                  \r\n<p>                    S''il vous pla&icirc;t visitez {SITE_URL}</p>\r\n              </td>              \r\n<td style="width:341px;height:0px;">                  \r\n<p>                    &nbsp;</p>\r\n              </td>              \r\n<td style="width:3px;height:0px;">                  \r\n<p>                    &nbsp;</p>\r\n              </td>        </tr>          \r\n<tr>              \r\n<td style="width:232px;height:0px;">                  \r\n<p>                    Merci!</p>\r\n              </td>              \r\n<td style="width:341px;height:0px;">                  \r\n<p>                    &nbsp;</p>\r\n              </td>              \r\n<td style="width:3px;height:0px;">                  \r\n<p>                    &nbsp;</p>\r\n              </td>        </tr>          \r\n<tr>              \r\n<td colspan="3" style="width:576px;height:0px;">                  \r\n<p>                    Le {SITE_NAME} Equipage | {SITE_URL}</p>\r\n              </td>        </tr>    </tbody></table>  \r\n<p>    &nbsp;</p>\r\n\r\n', 'Je recommande ce site!'),
(124, 18, 5, '<table border="0" cellpadding="4" cellspacing="0" width="586">    <colgroup>        <col>        <col>    </colgroup>    \r\n<tbody>        \r\n<tr>            \r\n<td colspan="2">                \r\n<p>                    Nuevo comentario de {txtName}</p>\r\n            </td>        </tr>        \r\n<tr>            \r\n<td>                \r\n<p>                    &nbsp;</p>\r\n            </td>            \r\n<td>                \r\n<p>                    &nbsp;</p>\r\n            </td>        </tr>        \r\n<tr>            \r\n<td>                \r\n<p>                    Nombre:</p>\r\n            </td>            \r\n<td>                \r\n<p>                    {txtName}</p>\r\n            </td>        </tr>        \r\n<tr>            \r\n<td>                \r\n<p>                    Email:</p>\r\n            </td>            \r\n<td>                \r\n<p>                    {txtEmail}</p>\r\n            </td>        </tr>        \r\n<tr>            \r\n<td>                \r\n<p>                    Direccion</p>\r\n            </td>            \r\n<td>                \r\n<p>                    {txtAddress}</p>\r\n            </td>        </tr>        \r\n<tr>            \r\n<td>                \r\n<p>                    Telefono</p>\r\n            </td>            \r\n<td>                \r\n<p>                    {txtPhone}</p>\r\n            </td>        </tr>        \r\n<tr>            \r\n<td>                \r\n<p>                    Comentario</p>\r\n            </td>            \r\n<td>                \r\n<p>                    {txtMsg}</p>\r\n            </td>        </tr>        \r\n<tr>            \r\n<td>                \r\n<p>                    &nbsp;</p>\r\n            </td>            \r\n<td>                \r\n<p>                    &nbsp;</p>\r\n            </td>        </tr>        \r\n<tr>            \r\n<td colspan="2">                \r\n<p>                    Gracias,</p>\r\n            </td>        </tr>        \r\n<tr>            \r\n<td colspan="2">                \r\n<p>                    {SITE_NAME} Tripulacion. | {SITE_URL}</p>\r\n            </td>        </tr>    </tbody></table>\r\n<p>    &nbsp;</p>', 'Nuevo comentario de {txtName}!'),
(82, 1, 5, 'intercambio de todo', ''),
(83, 1, 6, 'Swap alles', ''),
(128, 20, 5, '<table border="0" cellpadding="4" cellspacing="0" width="586">    <colgroup>        <col>    </colgroup>    \r\n<tbody>        \r\n<tr>            \r\n<td>                \r\n<p>                    Usted o alguien ha solicitado restablecer la contrasena. Si desea restablecer su contrasena, haga clicen el siguente enlace</p>\r\n            </td>        </tr>        \r\n<tr>            \r\n<td>                \r\n<p>                    {reset_link}</p>\r\n            </td>        </tr>        \r\n<tr>            \r\n<td>                \r\n<p>                    Gracias,</p>\r\n            </td>        </tr>        \r\n<tr>            \r\n<td>                \r\n<p>                    {SITE_NAME} Tripulacion. | {SITE_URL}</p>\r\n            </td>        </tr>    </tbody></table>\r\n<p>    &nbsp;</p>', 'Restablecimientos de la contrasena!'),
(132, 23, 5, '<table border="0" cellpadding="4" cellspacing="0" width="586">    <colgroup>        <col>    </colgroup>    \r\n<tbody>        \r\n<tr>            \r\n<td>                \r\n<p>                    Su contrasena se ha restablecido. Su nueva contrasena es <strong>{newpass}.</strong> Por favor usa la nueva contrasena para ingresar.</p>\r\n            </td>        </tr>        \r\n<tr>            \r\n<td>                \r\n<p>                    Gracias</p>\r\n            </td>        </tr>        \r\n<tr>            \r\n<td>                \r\n<p>                    {SITE_NAME} Tripulacion. | {SITE_URL}</p>\r\n            </td>        </tr>    </tbody></table>\r\n<p>    &nbsp;</p>', 'Perdi mi clave');
INSERT INTO `eswap_content_lang` (`content_lang_id`, `content_id`, `lang_id`, `content`, `content_title`) VALUES
(64, 27, 2, '\r\n  \r\n<table border="0" cellpadding="0" cellspacing="0">        \r\n<tbody>            \r\n<tr>                \r\n<td style="width:576px;height:0px;">                    \r\n<p>                    Le plan de souscription annul&eacute;e par la suite de {username}. D&eacute;tails du plan sont les suivants: Plan: {planname} Type de paiement: {ptype}</p>\r\n                </td>        </tr>            \r\n<tr>                \r\n<td style="width:576px;height:0px;">                    \r\n<p>                    Merci!</p>\r\n                </td>        </tr>            \r\n<tr>                \r\n<td style="width:576px;height:0px;">                    \r\n<p>                    {SITE_NAME} Crew. | {SITE_URL}</p>\r\n                </td>        </tr>    </tbody></table>    \r\n<p>    &nbsp;</p>\r\n    \r\n\r\n', 'plan Abonnement annulï¿½e sur {SITE_NAME}'),
(140, 27, 5, '<table border="0" cellpadding="4" cellspacing="0" width="586">    <colgroup>        <col>    </colgroup>    \r\n<tbody>        \r\n<tr>            \r\n<td>                \r\n<p>                    El siguente plan de subscripcion a sido cancelado por {username}. Los detalles del plan son los siguentes: Nombre del plan; {planname}. Tipo de pago {ptype}</p>\r\n            </td>        </tr>        \r\n<tr>            \r\n<td>                \r\n<p>                    Gracias,</p>\r\n            </td>        </tr>        \r\n<tr>            \r\n<td>                \r\n<p>                    {SITE_NAME} Tripulacion. | {SITE_URL}</p>\r\n            </td>        </tr>    </tbody></table>\r\n<p>    &nbsp;</p>', 'el plan de subcripcion a sido cancelado en {SITE_NAME}'),
(141, 27, 6, '\r\n  \r\n<table border="0" cellpadding="0" cellspacing="0">        \r\n<tbody>            \r\n<tr>                \r\n<td style="width:576px;height:0px;">                    \r\n<p>                    Folgende Abo von der {username} abgebrochen. Plan-Details sind wie folgt: Plan: {planname} Payment Type: {ptype}</p>\r\n                </td>        </tr>            \r\n<tr>                \r\n<td style="width:576px;height:0px;">                    \r\n<p>                    Vielen Dank</p>\r\n                </td>        </tr>            \r\n<tr>                \r\n<td style="width:576px;height:0px;">                    \r\n<p>                    {SITE_NAME} Crew.&nbsp;{SITE_URL}</p>\r\n                </td>        </tr>    </tbody></table>    \r\n<p>    &nbsp;</p>\r\n    \r\n\r\n', 'Abonnement-Plan auf {SITE_NAME} abgebrochen'),
(65, 28, 2, '\r\n  \r\n<table border="0" cellpadding="0" cellspacing="0">        \r\n<tbody>            \r\n<tr>                \r\n<td style="width:576px;height:0px;">                    \r\n<p>                    Votre compte avec {SITE_NAME} expirera dans 5 jours. S''il vous pla&icirc;t {url} cliquez ici {url_end} de renouveler votre compte.</p>\r\n                </td>        </tr>            \r\n<tr>                \r\n<td style="width:576px;height:0px;">                    \r\n<p>                    Merci!</p>\r\n                </td>        </tr>            \r\n<tr>                \r\n<td style="width:576px;height:0px;">                    \r\n<p>                    Le {SITE_NAME} Crew. | {SITE_URL}</p>\r\n                </td>        </tr>    </tbody></table>    \r\n<p>    &nbsp;</p>\r\n    \r\n\r\n', 'Votre compte avec {SITE_NAME} va expirer!'),
(142, 28, 5, '<table border="0" cellpadding="4" cellspacing="0" width="586">    <colgroup>        <col>    </colgroup>    \r\n<tbody>        \r\n<tr>            \r\n<td>                \r\n<p>                    Su cuenta con {SITE_NAME}&nbsp; vencera dentro dentro de 5 dias. Por favor {url}haz clic aqui {url_end} para renovar su cuenta.</p>\r\n            </td>        </tr>        \r\n<tr>            \r\n<td>                \r\n<p>                    Gracias,</p>\r\n            </td>        </tr>        \r\n<tr>            \r\n<td>                \r\n<p>                    El {SITE_NAME} Tripulacion. | {SITE_URL}</p>\r\n            </td>        </tr>    </tbody></table>\r\n<p>    &nbsp;</p>', 'Su cuenta con {site_name} va a caducar!!!'),
(143, 28, 6, '\r\n  \r\n<table border="0" cellpadding="0" cellspacing="0">        \r\n<tbody>            \r\n<tr>                \r\n<td style="width:576px;height:0px;">                    \r\n<p>                    Ihr Konto mit {SITE_NAME} wird in 5 Tagen auslaufen. Bitte {url} hier klicken {url_end}, um Ihr Konto zu erneuern.</p>\r\n                </td>        </tr>            \r\n<tr>                \r\n<td style="width:576px;height:0px;">                    \r\n<p>                    Vielen Dank</p>\r\n                </td>        </tr>            \r\n<tr>                \r\n<td style="width:576px;height:0px;">                    \r\n<p>                    Die {SITE_NAME} Crew.&nbsp;{SITE_URL}</p>\r\n                </td>        </tr>    </tbody></table>    \r\n<p>    &nbsp;</p>\r\n    \r\n\r\n', 'Ihre Rechnung mit {SITE_NAME} wird zu verfallen!'),
(66, 29, 2, '\r\n      \r\n<table border="0" cellpadding="0" cellspacing="0">          \r\n<tbody>              \r\n<tr>                  \r\n<td colspan="2" style="width:576px;height:0px;">                      \r\n<p>                    Merci pour votre achat {point_name} en utilisant {payment_type}. Votre compte est rempli avec {point_val}. S''il vous pla&icirc;t utiliser ces points pour vendre, &eacute;changer, acheter des objets dans {SITE_NAME}</p>\r\n                  </td>        </tr>              \r\n<tr>                  \r\n<td style="width:92px;height:0px;">                      \r\n<p>                    Nom utilisateur</p>\r\n                  </td>                  \r\n<td style="width:484px;height:0px;">                      \r\n<p>                    {guserFName}</p>\r\n                  </td>        </tr>              \r\n<tr>                  \r\n<td style="width:92px;height:0px;">                      \r\n<p>                    Modes de paiement</p>\r\n                  </td>                  \r\n<td style="width:484px;height:0px;">                      \r\n<p>                    {payment_type}</p>\r\n                  </td>        </tr>              \r\n<tr>                  \r\n<td style="width:92px;height:0px;">                      \r\n<p>                    Date de paiement</p>\r\n                  </td>                  \r\n<td style="width:484px;height:0px;">                      \r\n<p>                    {date}</p>\r\n                  </td>        </tr>              \r\n<tr>                  \r\n<td style="width:92px;height:0px;">                      \r\n<p>                    Montant Total</p>\r\n                  </td>                  \r\n<td style="width:484px;height:0px;">                      \r\n<p>                    {sess_PointAmount}</p>\r\n                  </td>        </tr>              \r\n<tr>                  \r\n<td colspan="2" style="width:576px;height:0px;">                      \r\n<p>                    Merci!</p>\r\n                  </td>        </tr>              \r\n<tr>                  \r\n<td colspan="2" style="width:576px;height:0px;">                      \r\n<p>                    {SITE_NAME} Crew. | {SITE_URL}</p>\r\n                  </td>        </tr>    </tbody></table>      \r\n<p>    &nbsp;</p>\r\n          \r\n\r\n', '{POINT_NAME} Dï¿½tails achetï¿½'),
(67, 34, 1, '\r\n                  \r\n<table class="maintext2" border="0" cellpadding="4" cellspacing="1" width="100%">                                            \r\n<tbody>          \r\n<tr bgcolor="#ffffff">                                              \r\n<td colspan="2" class="maintext2" align="left">A new {POINT_NAME} has purchased by {guserFName}. Given below are purchased details:</td>                                  </tr>                                              \r\n<tr bgcolor="#ffffff">                                              \r\n<td align="left" width="14%">User Name</td>                                                \r\n<td width="86%">{guserFName}</td>                                    </tr>                                             \r\n<tr bgcolor="#ffffff">                                              \r\n<td align="left" width="14%">Payment Method</td>                                                \r\n<td width="86%">{payment_type}</td>                                    </tr>                                            \r\n<tr bgcolor="#ffffff">                                              \r\n<td align="left" width="14%">Payment Date</td>                                                \r\n<td width="86%">{date}</td>                                    </tr>                                            \r\n<tr bgcolor="#ffffff">                                              \r\n<td align="left">Total Amount</td>                                                \r\n<td>{sess_PointAmount}</td>                                    </tr>          \r\n<tr bgcolor="#ffffff">                                              \r\n<td colspan="2" align="left">Thank You,</td>                                    </tr>                                            \r\n<tr bgcolor="#ffffff">                                              \r\n<td colspan="2" align="left">{SITE_NAME} Crew. |   {SITE_URL}</td>                                  </tr>                                  </tbody></table>            \r\n\r\n', '{POINT_NAME} purchased details'),
(68, 34, 2, '\r\n  \r\n<table border="0" cellpadding="0" cellspacing="0">        \r\n<tbody>            \r\n<tr>                \r\n<td colspan="2" style="width:576px;height:0px;">                    \r\n<p>                    Un nouveau {POINT_NAME} a achet&eacute; par {guserFName}. Ci-dessous sont les d&eacute;tails achet&eacute;:</p>\r\n                </td>        </tr>            \r\n<tr>                \r\n<td style="width:92px;height:0px;">                    \r\n<p>                    Nom utilisateur</p>\r\n                </td>                \r\n<td style="width:484px;height:0px;">                    \r\n<p>                    {guserFName}</p>\r\n                </td>        </tr>            \r\n<tr>                \r\n<td style="width:92px;height:0px;">                    \r\n<p>                    Modes de paiement</p>\r\n                </td>                \r\n<td style="width:484px;height:0px;">                    \r\n<p>                    {payment_type}</p>\r\n                </td>        </tr>            \r\n<tr>                \r\n<td style="width:92px;height:0px;">                    \r\n<p>                    Date de paiement</p>\r\n                </td>                \r\n<td style="width:484px;height:0px;">                    \r\n<p>                    {date}</p>\r\n                </td>        </tr>            \r\n<tr>                \r\n<td style="width:92px;height:0px;">                    \r\n<p>                    Montant Total</p>\r\n                </td>                \r\n<td style="width:484px;height:0px;">                    \r\n<p>                    {sess_PointAmount}</p>\r\n                </td>        </tr>            \r\n<tr>                \r\n<td colspan="2" style="width:576px;height:0px;">                    \r\n<p>                    Merci!</p>\r\n                </td>        </tr>            \r\n<tr>                \r\n<td colspan="2" style="width:576px;height:0px;">                    \r\n<p>                    {SITE_NAME} Crew. | {SITE_URL}</p>\r\n                </td>        </tr>    </tbody></table>    \r\n<p>    &nbsp;</p>\r\n    \r\n\r\n', '{POINT_NAME} Dï¿½tails achetï¿½'),
(153, 34, 6, '\r\n  \r\n<table border="0" cellpadding="0" cellspacing="0">        \r\n<tbody>            \r\n<tr>                \r\n<td colspan="2" style="width:576px;height:0px;">                    \r\n<p>                    Eine neue {POINT_NAME} wurde von {guserFName} gekauft. Da unten sind erh&auml;ltlich Details:</p>\r\n                </td>        </tr>            \r\n<tr>                \r\n<td style="width:161px;height:0px;">                    \r\n<p>                    Benutzername</p>\r\n                </td>                \r\n<td style="width:415px;height:0px;">                    \r\n<p>                    {guserFName}</p>\r\n                </td>        </tr>            \r\n<tr>                \r\n<td style="width:161px;height:0px;">                    \r\n<p>                    Zahlungsmethode</p>\r\n                </td>                \r\n<td style="width:415px;height:0px;">                    \r\n<p>                    {payment_type}</p>\r\n                </td>        </tr>            \r\n<tr>                \r\n<td style="width:161px;height:0px;">                    \r\n<p>                    Zahltag</p>\r\n                </td>                \r\n<td style="width:415px;height:0px;">                    \r\n<p>                    {date}</p>\r\n                </td>        </tr>            \r\n<tr>                \r\n<td style="width:161px;height:0px;">                    \r\n<p>                    Gesamtbetrag</p>\r\n                </td>                \r\n<td style="width:415px;height:0px;">                    \r\n<p>                    {sess_PointAmount}</p>\r\n                </td>        </tr>            \r\n<tr>                \r\n<td colspan="2" style="width:576px;height:0px;">                    \r\n<p>                    Vielen Dank</p>\r\n                </td>        </tr>            \r\n<tr>                \r\n<td colspan="2" style="width:576px;height:0px;">                    \r\n<p>                    {SITE_NAME} Crew.&nbsp;{SITE_URL}</p>\r\n                </td>        </tr>    </tbody></table>    \r\n<p>    &nbsp;</p>\r\n    \r\n\r\n', '{POINT_NAME} gekauft Details'),
(144, 29, 5, '<table border="0" cellpadding="4" cellspacing="0" width="586">    <colgroup>        <col>        <col>    </colgroup>    \r\n<tbody>        \r\n<tr>            \r\n<td colspan="2">                \r\n<p>                    Gracias por la compra {point_name} usando {payment_type}. Su cuenta se vuelve a llenar con {point_val}. Por favor utilice estos punctos valiosos para vender, baratar, comprar articulos en {SITE_NAME}</p>\r\n            </td>        </tr>        \r\n<tr>            \r\n<td>                \r\n<p>                    Nombre de usuario</p>\r\n            </td>            \r\n<td>                \r\n<p>                    {guserFName}</p>\r\n            </td>        </tr>        \r\n<tr>            \r\n<td>                \r\n<p>                    Forma de pago</p>\r\n            </td>            \r\n<td>                \r\n<p>                    {payment_type}</p>\r\n            </td>        </tr>        \r\n<tr>            \r\n<td>                \r\n<p>                    Fecha de pago</p>\r\n            </td>            \r\n<td>                \r\n<p>                    {date}</p>\r\n            </td>        </tr>        \r\n<tr>            \r\n<td>                \r\n<p>                    Monto total</p>\r\n            </td>            \r\n<td>                \r\n<p>                    {sess_PointAmount}</p>\r\n            </td>        </tr>        \r\n<tr>            \r\n<td colspan="2">                \r\n<p>                    Gracias,</p>\r\n            </td>        </tr>        \r\n<tr>            \r\n<td colspan="2">                \r\n<p>                    {SITE_NAME} Tripulacion. | {SITE_URL}</p>\r\n            </td>        </tr>    </tbody></table>\r\n<p>    &nbsp;</p>', '{POINT_NAME} Detalles de la compra'),
(152, 34, 5, '<table border="0" cellpadding="4" cellspacing="0" width="586">    <colgroup>        <col width="75">        <col width="495">    </colgroup>    \r\n<tbody>        \r\n<tr>            \r\n<td colspan="2" bgcolor="#ffffff" width="578">                \r\n<p>                    <span lang="es-ES">Nuevos puntos de valor </span>{POINT_NAME}han sido comprador por {guserFName}.<span lang="es-ES"> A continuaci&oacute;n puede encontrar los detalles de la compra:</span></p>\r\n            </td>        </tr>        \r\n<tr>            \r\n<td bgcolor="#ffffff" width="75">                \r\n<p lang="es-ES">                    Nombre de usuario</p>\r\n            </td>            \r\n<td bgcolor="#ffffff" width="495">                \r\n<p lang="es-ES">                    {guserFName}</p>\r\n            </td>        </tr>        \r\n<tr>            \r\n<td bgcolor="#ffffff" width="75">                \r\n<p lang="es-ES">                    Forma de pago</p>\r\n            </td>            \r\n<td bgcolor="#ffffff" width="495">                \r\n<p lang="es-ES">                    {payment_type}</p>\r\n            </td>        </tr>        \r\n<tr>            \r\n<td bgcolor="#ffffff" width="75">                \r\n<p lang="es-ES">                    Fecha de pago</p>\r\n            </td>            \r\n<td bgcolor="#ffffff" width="495">                \r\n<p lang="es-ES">                    {date}</p>\r\n            </td>        </tr>        \r\n<tr>            \r\n<td bgcolor="#ffffff" width="75">                \r\n<p lang="es-ES">                    Monto total</p>\r\n            </td>            \r\n<td bgcolor="#ffffff" width="495">                \r\n<p lang="es-ES">                    {sess_PointAmount}</p>\r\n            </td>        </tr>        \r\n<tr>            \r\n<td colspan="2" bgcolor="#ffffff" width="578">                \r\n<p lang="es-ES">                    Gracias,</p>\r\n            </td>        </tr>        \r\n<tr>            \r\n<td colspan="2" bgcolor="#ffffff" width="578">                \r\n<p>                    <span lang="es-ES">{SITE_NAME} Tripulacion. | {SITE_URL}</span></p>\r\n            </td>        </tr>    </tbody></table>\r\n<p>    &nbsp;</p>', '{POINT_NAME} Detalles de la compra'),
(69, 30, 2, '\r\n<table border="0" cellpadding="0" cellspacing="0">      \r\n<tbody>          \r\n<tr>              \r\n<td colspan="2" style="width:576px;height:0px;">                  \r\n<p>                    Merci &nbsp; payer &nbsp; transaction. &nbsp;Votre &nbsp; des points &nbsp; a &nbsp; &eacute;t&eacute; ajout&eacute; &agrave; votre &nbsp; compte de</p>\r\n              </td>        </tr>          \r\n<tr>              \r\n<td style="width:104px;height:0px;">                  \r\n<p>                    Nom utilisateur<br />                    &nbsp;</p>\r\n              </td>              \r\n<td style="width:472px;height:0px;">                  \r\n<p>                    &nbsp; {guserFName}</p>\r\n              </td>        </tr>          \r\n<tr>              \r\n<td style="width:104px;height:0px;">                  \r\n<p>                    Modes de paiement<br />                    &nbsp;</p>\r\n              </td>              \r\n<td style="width:472px;height:0px;">                  \r\n<p>                    {payment_type}</p>\r\n              </td>        </tr>          \r\n<tr>              \r\n<td style="width:104px;height:0px;">                  \r\n<p>                    Date de la transaction<br />                    &nbsp;</p>\r\n              </td>              \r\n<td style="width:472px;height:0px;">                  \r\n<p>                    {date}</p>\r\n              </td>        </tr>          \r\n<tr>              \r\n<td style="width:104px;height:0px;">                  \r\n<p>                    Montant Ttal<br />                    &nbsp;</p>\r\n              </td>              \r\n<td style="width:472px;height:0px;">                  \r\n<p>                    {sess_PointAmount}</p>\r\n              </td>        </tr>          \r\n<tr>              \r\n<td colspan="2" style="width:576px;height:0px;">                  \r\n<p>                    Merci!</p>\r\n              </td>        </tr>          \r\n<tr>              \r\n<td colspan="2" style="width:576px;height:0px;">                  \r\n<p>                    {SITE_NAME} Equipage | {SITE_URL}</p>\r\n              </td>        </tr>    </tbody></table>  \r\n<p>    &nbsp;</p>\r\n\r\n', '{POINT_NAME} Dï¿½tails achetï¿½'),
(146, 30, 5, '<table border="0" cellpadding="4" cellspacing="0" width="586">    <colgroup>        <col>        <col>    </colgroup>    \r\n<tbody>        \r\n<tr>            \r\n<td colspan="2">                \r\n<p>                    Gracias por la compra. Su cuenta se vuelve a llenar con puntos con valor.</p>\r\n            </td>        </tr>        \r\n<tr>            \r\n<td>                \r\n<p>                    Nombre de usuario</p>\r\n            </td>            \r\n<td>                \r\n<p>                    {guserFName}</p>\r\n            </td>        </tr>        \r\n<tr>            \r\n<td>                \r\n<p>                    Forma de pago</p>\r\n            </td>            \r\n<td>                \r\n<p>                    {payment_type}</p>\r\n            </td>        </tr>        \r\n<tr>            \r\n<td>                \r\n<p>                    Fecha de pago</p>\r\n            </td>            \r\n<td>                \r\n<p>                    {date}</p>\r\n            </td>        </tr>        \r\n<tr>            \r\n<td>                \r\n<p>                    Monto total</p>\r\n            </td>            \r\n<td>                \r\n<p>                    {sess_PointAmount}</p>\r\n            </td>        </tr>        \r\n<tr>            \r\n<td colspan="2">                \r\n<p>                    Gracias,</p>\r\n            </td>        </tr>        \r\n<tr>            \r\n<td colspan="2">                \r\n<p>                    {SITE_NAME} Tripulacion. | {SITE_URL}</p>\r\n            </td>        </tr>    </tbody></table>\r\n<p>    &nbsp;</p>', '{POINT_NAME} Detalles de la compra'),
(70, 35, 1, '\r\n                      \r\n<table class="maintext2" border="0" cellpadding="4" cellspacing="1" width="100%">                                                  \r\n<tbody>                \r\n<tr bgcolor="#ffffff">                                                    \r\n<td colspan="2" class="maintext2" align="left">The following user has been purchased points in {SITE_NAME}</td>                                    </tr>                                                  \r\n<tr bgcolor="#ffffff">                                                    \r\n<td align="left" width="14%">User Name</td>                                                      \r\n<td width="86%">&nbsp;{guserFName}</td>                                    </tr>                                                   \r\n<tr bgcolor="#ffffff">                                                    \r\n<td align="left" width="14%"><span id="result_box" class="short_text" lang="fr"><span title="Click for alternate   translations" class="hps">Payment Method<br /></span></span></td>                                                      \r\n<td width="86%">{payment_type}<br /></td>                                    </tr>                                                  \r\n<tr bgcolor="#ffffff">                                                    \r\n<td align="left" width="14%"><span id="result_box" class="short_text" lang="fr"><span title="Click for alternate   translations" class="hps">Date of transaction<br /></span></span></td>                                                      \r\n<td width="86%">{date}<br /></td>                                    </tr>                                                  \r\n<tr bgcolor="#ffffff">                                                    \r\n<td align="left"><span id="result_box" class="short_text" lang="fr"><span title="Click for alternate translations" class="hps">Total Amount<br /></span></span></td>                                                      \r\n<td>{sess_PointAmount}</td></tr>                                            \r\n<tr bgcolor="#ffffff">                                                    \r\n<td colspan="2" align="left">Thank You,</td>                                    </tr>                                                  \r\n<tr bgcolor="#ffffff">                                                    \r\n<td colspan="2" align="left">{SITE_NAME} Crew |   {SITE_URL}</td>                                  </tr>                                  </tbody></table>                \r\n\r\n', 'New {POINT_NAME} purchased details'),
(71, 35, 2, '\r\n<table border="0" cellpadding="0" cellspacing="0">      \r\n<tbody>          \r\n<tr>              \r\n<td colspan="2" style="width:576px;height:0px;">                  \r\n<p>                    L''utilisateur suivant a &eacute;t&eacute; achet&eacute; dans les points de {SITE_NAME}</p>\r\n              </td>        </tr>          \r\n<tr>              \r\n<td style="width:104px;height:0px;">                  \r\n<p>                    Nom utilisateur</p>\r\n              </td>              \r\n<td style="width:472px;height:0px;">                  \r\n<p>                    &nbsp; {guserFName}</p>\r\n              </td>        </tr>          \r\n<tr>              \r\n<td style="width:104px;height:0px;">                  \r\n<p>                    Modes de paiement<br />                    &nbsp;</p>\r\n              </td>              \r\n<td style="width:472px;height:0px;">                  \r\n<p>                    {payment_type}</p>\r\n              </td>        </tr>          \r\n<tr>              \r\n<td style="width:104px;height:0px;">                  \r\n<p>                    Date de la transaction<br />                    &nbsp;</p>\r\n              </td>              \r\n<td style="width:472px;height:0px;">                  \r\n<p>                    {date}</p>\r\n              </td>        </tr>          \r\n<tr>              \r\n<td style="width:104px;height:0px;">                  \r\n<p>                    Montant Total<br />                    &nbsp;</p>\r\n              </td>              \r\n<td style="width:472px;height:0px;">                  \r\n<p>                    {sess_PointAmount}</p>\r\n              </td>        </tr>          \r\n<tr>              \r\n<td colspan="2" style="width:576px;height:0px;">                  \r\n<p>                    Merci!</p>\r\n              </td>        </tr>          \r\n<tr>              \r\n<td colspan="2" style="width:576px;height:0px;">                  \r\n<p>                    {SITE_NAME} Equipage | {SITE_URL}</p>\r\n              </td>        </tr>    </tbody></table>  \r\n<p>    &nbsp;</p>\r\n\r\n', 'Nouveaux {POINT_NAME} Dï¿½tails achetï¿½'),
(164, 35, 5, '<table border="0" cellpadding="4" cellspacing="0" width="586">    <colgroup>        <col>        <col>    </colgroup>    \r\n<tbody>        \r\n<tr>            \r\n<td colspan="2">                \r\n<p>                    El siguente usuario ha adquirido puntos de valor en {SITE_NAME}</p>\r\n            </td>        </tr>        \r\n<tr>            \r\n<td>                \r\n<p>                    Nombr de usuario</p>\r\n            </td>            \r\n<td>                \r\n<p>                    &nbsp;{guserFName}</p>\r\n            </td>        </tr>        \r\n<tr>            \r\n<td>                \r\n<p>                    Forma de pago<br />                    &nbsp;</p>\r\n            </td>            \r\n<td>                \r\n<p>                    {payment_type}</p>\r\n            </td>        </tr>        \r\n<tr>            \r\n<td>                \r\n<p>                    La fecha de la transaccion<br />                    &nbsp;</p>\r\n            </td>            \r\n<td>                \r\n<p>                    {date}</p>\r\n            </td>        </tr>        \r\n<tr>            \r\n<td>                \r\n<p>                    Monto total de puntos<br />                    &nbsp;</p>\r\n            </td>            \r\n<td>                \r\n<p>                    {sess_PointAmount}</p>\r\n            </td>        </tr>        \r\n<tr>            \r\n<td colspan="2">                \r\n<p>                    Gracias,</p>\r\n            </td>        </tr>        \r\n<tr>            \r\n<td colspan="2">                \r\n<p>                    {SITE_NAME} Tripulacion | {SITE_URL}</p>\r\n            </td>        </tr>    </tbody></table>\r\n<p>    &nbsp;</p>', 'Detalles de nueva compra de puntos{POINT_NAME} '),
(79, 40, 2, '\r\n<p>    L''utilisateur suivant a effectu&eacute; le paiement mensuel {SITE_NAME}<br />    <br />    Nom d''utilisateur: {username}<br />    Montant pay&eacute;: {amountPaid}<br />    Date de paiement: {dop}<br />    <br />    Merci!<br />    <br />    {SITE_NAME} Equipage | {SITE_URL}</p>\r\n\r\n', 'Paiement mensuel {SITE_NAME}'),
(80, 41, 1, '\r\n    One of the product is sold out in the {SITE_NAME}<br /><br />Product Name : {var_title}<br />Price&nbsp;&nbsp;&nbsp;&nbsp;&nbsp;&nbsp;&nbsp;&nbsp;&nbsp;&nbsp;&nbsp;&nbsp;&nbsp;&nbsp;&nbsp; : {var_amount}<br />Seller&nbsp;&nbsp;&nbsp;&nbsp;&nbsp;&nbsp;&nbsp;&nbsp;&nbsp;&nbsp;&nbsp;&nbsp;&nbsp;&nbsp; : {sellerName}<br />Buyer&nbsp;&nbsp;&nbsp;&nbsp;&nbsp;&nbsp;&nbsp;&nbsp;&nbsp;&nbsp;&nbsp;&nbsp;&nbsp; :&nbsp;&nbsp; {buyerName}<br /><br />Thank you,<br />{SITE_NAME} Crew | {SITE_URL}<br />        \r\n\r\n', 'One of the product is sold out  in {SITE_NAME}'),
(72, 36, 1, '\r\n          \r\n<table class="maintext2" border="0" cellpadding="4" cellspacing="1" width="100%">                                              \r\n<tbody>        \r\n<tr bgcolor="#ffffff">                                                \r\n<td colspan="2" class="maintext2" align="left">Thank you for using {SITE_NAME} Your transaction has been completed and we we will get back to you as soon as the administrator accepts the payment.</td>                                      </tr>                                                                           \r\n<tr bgcolor="#ffffff">                                                \r\n<td colspan="2" class="maintext2" align="left">You may visit the {Account Summary} to view details of this transaction.</td>                                      </tr>                                              \r\n<tr bgcolor="#ffffff">                                                \r\n<td class="maintext2" align="left" width="20%">Product Name</td>                                                \r\n<td class="maintext2" align="left" width="80%">{var_title}<br /></td>                                      </tr>                                              \r\n<tr bgcolor="#ffffff">                                                \r\n<td class="maintext2" align="left">Product Amount</td>                                                \r\n<td class="maintext2" align="left">{var_amount}<br /></td>                                      </tr>                                              \r\n<tr bgcolor="#ffffff">                                                \r\n<td class="maintext2" align="left">Quantity</td>                                                \r\n<td class="maintext2" align="left">{var_quantity}<br /></td>                                      </tr>                                              \r\n<tr bgcolor="#ffffff">                                                \r\n<td class="maintext2" align="left">Transaction Id</td>                                                \r\n<td class="maintext2" align="left">{txnid}<br /></td>                                      </tr>                                              \r\n<tr bgcolor="#ffffff">                                                \r\n<td colspan="2" align="left">The {SITE_NAME} Crew | {SITE_URL}</td>                                      </tr></tbody></table>          \r\n\r\n', 'Your Purchase Information at  {SITE_NAME}'),
(73, 36, 2, '\r\n  \r\n<table border="0" cellpadding="0" cellspacing="0">        \r\n<tbody>            \r\n<tr>                \r\n<td colspan="3" style="width:576px;height:0px;">                    \r\n<p>                    Merci d''utiliser {SITE_NAME} Votre transaction a &eacute;t&eacute; compl&eacute;t&eacute;e et nous, nous reviendrons vers vous d&egrave;s que l''administrateur accepte le paiement.</p>\r\n                </td>        </tr>            \r\n<tr>                \r\n<td colspan="3" style="width:576px;height:0px;">                    \r\n<p>                    Vous pouvez visiter le {Account Summary} &nbsp;pour afficher les d&eacute;tails de cette transaction.</p>\r\n                </td>        </tr>            \r\n<tr>                \r\n<td style="width:125px;height:0px;">                    \r\n<p>                    Nom du Produit</p>\r\n                </td>                \r\n<td style="width:448px;height:0px;">                    \r\n<p>                    {var_title}</p>\r\n                </td>                \r\n<td style="width:3px;height:0px;">                    \r\n<p>                    &nbsp;</p>\r\n                </td>        </tr>            \r\n<tr>                \r\n<td style="width:125px;height:0px;">                    \r\n<p>                    Montant des produits</p>\r\n                </td>                \r\n<td style="width:448px;height:0px;">                    \r\n<p>                    {var_amount}</p>\r\n                </td>                \r\n<td style="width:3px;height:0px;">                    \r\n<p>                    &nbsp;</p>\r\n                </td>        </tr>            \r\n<tr>                \r\n<td style="width:125px;height:0px;">                    \r\n<p>                    Quantit&eacute;</p>\r\n                </td>                \r\n<td style="width:448px;height:0px;">                    \r\n<p>                    {var_quantity}</p>\r\n                </td>                \r\n<td style="width:3px;height:0px;">                    \r\n<p>                    &nbsp;</p>\r\n                </td>        </tr>            \r\n<tr>                \r\n<td style="width:125px;height:0px;">                    \r\n<p>                    Identifiant de transaction</p>\r\n                </td>                \r\n<td style="width:448px;height:0px;">                    \r\n<p>                    {txnid}</p>\r\n                </td>                \r\n<td style="width:3px;height:0px;">                    \r\n<p>                    &nbsp;</p>\r\n                </td>        </tr>            \r\n<tr>                \r\n<td colspan="3" style="width:576px;height:0px;">                    \r\n<p>                    Le {SITE_NAME} Equipage | {SITE_URL}</p>\r\n                </td>        </tr>    </tbody></table>    \r\n<p>    &nbsp;</p>\r\n    \r\n\r\n', 'vos informations d''achat ï¿½ {SITE_NAME}'),
(81, 41, 2, '\r\n<p>    L''un des produit est vendu dans le {SITE_NAME}<br />    <br />    Nom du produit&nbsp; : {var_title}<br />    Prix &nbsp;&nbsp;&nbsp;&nbsp;&nbsp;&nbsp;&nbsp;&nbsp;&nbsp;&nbsp;&nbsp;&nbsp;&nbsp;&nbsp;&nbsp;&nbsp;&nbsp;&nbsp;&nbsp;&nbsp;&nbsp;&nbsp; : {var_amount}<br />    Vendeur &nbsp;&nbsp;&nbsp;&nbsp;&nbsp;&nbsp;&nbsp;&nbsp;&nbsp;&nbsp;&nbsp;&nbsp;&nbsp;&nbsp; : {sellerName}<br />    Acheteur &nbsp;&nbsp;&nbsp;&nbsp;&nbsp;&nbsp;&nbsp;&nbsp;&nbsp;&nbsp;&nbsp;&nbsp;&nbsp; : &nbsp;&nbsp; {buyerName}<br />    <br />    Merci beaucoup,<br />    {SITE_NAME} Equipage | {SITE_URL}</p>\r\n\r\n', 'L''un des produit est ï¿½puisï¿½   dans {SITE_NAME}'),
(120, 16, 5, '\r\n  \r\n<p>\r\n</p>\r\n<p style="margin-bottom: 0in"><span lang="es-ES">Alguien que usted\r\nconoce ha referido a nuestro sitio para &ldquo;Premier Intercambio o\r\nVenta &ldquo;on-line&rsquo; de productos que uno no le necesita mas a todo el\r\nmundo a traves del red de Internet. Por favor, tomase el tiempo para\r\nseguir los siguientes enlances para poder participar en una breve\r\nencuesta sobre como nuestros servicios pueden ser en beneficio para\r\nusted, haciendo clic</span><b><span lang="es-ES"> </span></b>{LINK_F}</p>\r\n      \r\n<table border="0" cellpadding="0" cellspacing="0">        \r\n<tbody>            \r\n<tr>                \r\n<td style="width:576px;height:0px;">                                    <br /></td>        </tr>            \r\n<tr>                \r\n<td style="width:576px;height:0px;">                    \r\n<p>                    \r\n</p>\r\n<p><span lang="es-ES">Para registrarse en</span> {SITE_NAME}<span lang="es-ES">puedes utilisar este\r\nenlance haciendo clic </span>{LINK_R}</p>\r\n                </td>        </tr>            \r\n<tr>                \r\n<td style="width:576px;height:0px;">                    \r\n<p>                    Gracias,</p>\r\n                </td>        </tr>            \r\n<tr>                \r\n<td style="width:576px;height:0px;">                    \r\n<p>                    {SITE_NAME} <span lang="es-ES">Tripulacion</span>. | {SITE_URL}</p>\r\n                </td>        </tr>    </tbody></table>    \r\n<p>    &nbsp;</p>\r\n    \r\n\r\n', 'Felicitaciones de ï¿½{site_name}!'),
(84, 2, 5, 'intercambio de todo', ''),
(95, 31, 5, '<p>    Si no esta de acuerdo con cualquiera de los terminus y condiciones de este Acuerdo de Usuario, por favor no visite, navegar, comprar, acceder o utilisar este sitio. El uso de este sitio de Intenrnet implica la acceptacion de estar sujecto de los terminos y condiciones de este Acuerdo. Nos reservamos el derecho de modificar o cambiar los terminos, Baratar T&eacute;rminos de Uso, Politica de Privacidad y regulaciones sin previo aviso.</p>', 'Desacuredo con los Terminos y Condiciones  de uso'),
(98, 14, 5, '<p>    Todos los precios estan sujectos a cambio. Para todos los recios, articulos y ofertas, este sitio se reserva el derecho de hacer ajustes debido a las condiciones cambiante del mercado, la interupccion de articulos, cambios del precio del fabricante, errores en los anuncios y otras circumstancias atenuantes.</p>', 'Descargo de responsabilidad por los precios '),
(96, 31, 6, '\r\n<p class="MsoNormal" style="margin-top:14.0pt"><span style="font-family:  " &#39?;mso-fareast-font-family:?&#39?;mso-bidi-font-family:?&#39?;="" color:black?="" lang="RU">Sind Sie m&uuml;de von diesem? Harte Arbeit f&uuml;r den Verkauf Ihrer Waren  auf Webseiten, nur um zu sehen, Ihr hart verdientes Geld wurde von Ihnen weg  durch hohe Listing-Geb&uuml;hren und etc. genommen .. Nun, {site_name} ermutigt  unsere Mitglieder zum Verkauf auf unserer Seite. Wir pr&auml;sentieren Ihnen unsere  Cash-Back-Vertrieb Rewards Program.</span></p>\r\n    \r\n<p class="MsoNormal" style="margin-top:14.0pt;margin-right:0in;margin-bottom:  14.0pt;margin-left:0in"><span style="font-family:" &#39?;="" mso-fareast-font-family:?&#39?;mso-bidi-font-family:?&#39?;="" color:black?="" lang="RU">Als Mitglied von {site_name}, k&ouml;nnten Sie verdienen Geld zur&uuml;ck,  wenn Sie kaufen Artikel auf unserer Seite. Weil wir Kredit zur&uuml;ck zu unserem  Sellers 1% unseres kleinen 2% Provision f&uuml;r das Einstellen von Artikeln auf der  Website, wie Cash-Back Bonus auf alle Verk&auml;ufe &uuml;ber {currency_code} 300. Das  ist einfach unsere Art, unsere Wertsch&auml;tzung zu Ihnen, weil wir glauben, Du  bist der Sales Associate!</span></p>\r\n    \r\n<p class="MsoNormal"><span style="font-family:" &#39?;mso-fareast-font-family:="" "&#39?;mso-bidi-font-family:?&#39?;color:black?="" lang="RU">Obwohl wir Ihnen die  notwendigen Werkzeuge, um den Verkauf auf dem Gel&auml;nde zu schaffen, das beste  Werkzeug, k&ouml;nnen wir Ihnen bieten ist</span><span lang="RU"> </span><span style="font-family:" &#39?;mso-fareast-font-family:?&#39?;="" mso-bidi-font-family:?&#39?;color:black?="" lang="RU">&nbsp;</span><span lang="RU"> </span><b><span style="font-family:" &#39?;="" mso-fareast-font-family:?&#39?;mso-bidi-font-family:?&#39?;="" color:black?="" lang="RU">MOTIVATION.</span></b><span lang="RU"> </span><span style="font-family:" &#39?;mso-fareast-font-family:?&#39?;mso-bidi-font-family:="" "&#39?;color:black?="" lang="RU">&nbsp;</span><span lang="RU"> </span><span style="font-family:" &#39?;mso-fareast-font-family:?&#39?;mso-bidi-font-family:="" "&#39?;color:black?="" lang="RU">Ob Sie ein erfahrener Internet-Verk&auml;ufer, oder ein  Anf&auml;nger sind mit minimalem Aufwand dieses Programms wird f&uuml;r jeden  Arbeitsplatz.W&auml;hrend andere Sites sind damit besch&auml;ftigt, profitiert von  Sellers auf ihren Websites. Wir sind damit besch&auml;ftigt, Geb&auml;ude gemeinsames  Interesse mit unseren Associates. Wir versprechen Ihnen, Sie werden es lieben  unser Geld zur&uuml;ck</span><span lang="RU"> </span><span style="font-family:  " &#39?;mso-fareast-font-family:?&#39?;mso-bidi-font-family:?&#39?;="" color:black?="" lang="RU">&nbsp;</span><span lang="RU"> </span><b><u><span style="font-family:" &#39?;mso-fareast-font-family:="" "&#39?;mso-bidi-font-family:?&#39?;color:black?="" lang="RU">Vertrieb Rewards  Program,</span></u></b><span lang="RU"> </span><span style="font-family:  " &#39?;mso-fareast-font-family:?&#39?;mso-bidi-font-family:?&#39?;="" color:black?="" lang="RU">und Sie, dass die Bank nehmen kann!</span></p>\r\n\r\n', 'Cash Back Bonus-Politik'),
(97, 14, 2, '\r\nBienvenue sur le site complet swapping. Vous pouvez &eacute;changer tous les &eacute;l&eacute;ments ind&eacute;sirables de votremaison ou votre entreprise &agrave; d''autres qui peuvent avoir besoin d''eux. Vous pouvez &eacute;galement vendre ou acheter des articles dans ce site. Comme toujours, preuve de bon sens lorsqu''il s''agit de quelqu''un que vous ne connaissez pas. Si vous souhaitez avoir un tiers g&eacute;rer l''&eacute;change, il ya un service d''entiercementpr&eacute;vu.\r\n\r\n', 'Bienvenue'),
(99, 14, 6, '\r\nWillkommen auf den kompletten Austausch vor Ort. Sie k&ouml;nnen alle unerw&uuml;nschten Elemente aus IhremHaus oder Gesch&auml;ft an andere, die f&uuml;r sie haben k&ouml;nnen Verwendung zu tauschen. Sie k&ouml;nnen auchkaufen oder verkaufen Artikel auf dieser Seite. Wie immer, Aus&uuml;bung der gesunde Menschenverstand im Umgang mit jemandem, den Sie nicht kennen. Wenn Sie einen Dritten behandeln den Austauschm&ouml;chten, gibt es einen Treuhandservice zur Verf&uuml;gung gestellt.\r\n\r\n', 'willkommen'),
(118, 15, 5, '<table border="0" cellpadding="4" cellspacing="0" width="586">    <colgroup>        <col>        <col>    </colgroup>    \r\n<tbody>        \r\n<tr>            \r\n<td colspan="2">                \r\n<p>                    Nuevo articulo se ha anadido</p>\r\n            </td>        </tr>        \r\n<tr>            \r\n<td>                \r\n<p>                    Categoria</p>\r\n            </td>            \r\n<td>                \r\n<p>                    <strong>{txtCategoryname}</strong></p>\r\n            </td>        </tr>        \r\n<tr>            \r\n<td>                \r\n<p>                    Titulo</p>\r\n            </td>            \r\n<td>                \r\n<p>                    <strong>{txtTitle}</strong></p>\r\n            </td>        </tr>        \r\n<tr>            \r\n<td>                \r\n<p>                    Marca</p>\r\n            </td>            \r\n<td>                \r\n<p>                    <strong>{txtBrand}</strong></p>\r\n            </td>        </tr>        \r\n<tr>            \r\n<td>                \r\n<p>                    Tipo</p>\r\n            </td>            \r\n<td>                \r\n<p>                    <strong>{ddlType}</strong></p>\r\n            </td>        </tr>        \r\n<tr>            \r\n<td>                \r\n<p>                    Condicion</p>\r\n            </td>            \r\n<td>                \r\n<p>                    <strong>{ddlCondition}</strong></p>\r\n            </td>        </tr>        \r\n<tr>            \r\n<td>                \r\n<p>                    Ano</p>\r\n            </td>            \r\n<td>                \r\n<p>                    <strong>{txtYear}</strong></p>\r\n            </td>        </tr>        \r\n<tr>            \r\n<td>                \r\n<p>                    {pricename}</p>\r\n            </td>            \r\n<td>                \r\n<p>                    <strong>{txtValue}</strong></p>\r\n            </td>        </tr>        \r\n<tr>            \r\n<td colspan="2">                \r\n<p>                    Gracias.</p>\r\n            </td>        </tr>        \r\n<tr>            \r\n<td colspan="2">                \r\n<p>                    {SITE_NAME} Tripulacion. | {SITE_URL}</p>\r\n            </td>        </tr>    </tbody></table>\r\n<p>    &nbsp;</p>', 'Un Nuevo articulo se ha anadido {SITE_NAME}');
INSERT INTO `eswap_content_lang` (`content_lang_id`, `content_id`, `lang_id`, `content`, `content_title`) VALUES
(100, 13, 2, '\r\n<p class="MsoNormal"><span style="mso-fareast-font-family:" &#39?;="" mso-bidi-font-family:?&#39?;color:black?="" lang="RU">Ce site fournissent leurs  services sujet aux conditions suivantes. En visitant, la navigation, le shopping,  acc&eacute;dant ou en utilisant le site, vous acceptez cet accord d''utilisateur, et de  tous ses termes et conditions. En visitant, la navigation, le shopping,  acc&eacute;dant ou en utilisant le site apr&egrave;s une modification a &eacute;t&eacute; affich&eacute; sur le  site, le client accepte ce changement. Les clients doivent v&eacute;rifier ce contrat  d''utilisation fr&eacute;quente.</span><span lang="RU"><br />  <br />  </span><b><span style="mso-fareast-font-family:  " &#39?;mso-bidi-font-family:?&#39?;color:black?="" lang="RU">Activit&eacute; du site</span></b><span lang="RU"><br />  </span><span style="mso-fareast-font-family:" &#39?;mso-bidi-font-family:="" "&#39?;color:black?="" lang="RU">L''activit&eacute; suivante sur le site est express&eacute;ment  interdite: Toute utilisation non personnelles ou commerciales de tout  dispositif automatique ou proc&eacute;d&eacute; manuel pour surveiller ou copier des parties  du site ou du contenu, sans l''autorisation pr&eacute;alable &eacute;crite par</span><span lang="RU"> </span><span style="mso-fareast-font-family:" &#39?;="" mso-bidi-font-family:?&#39?;color:black?="" lang="RU">&nbsp;</span><span lang="RU"><br />  </span><span style="mso-fareast-font-family:" &#39?;mso-bidi-font-family:="" "&#39?;color:black?="" lang="RU">cette collection de sites ou l''utilisation de listes  de produits, descriptions, ou prix, &agrave; partir du site au profit d''un autre  commer&ccedil;ant qui fournit des produits comp&eacute;titifs avec ou comparables &agrave; ceux  offerts sur le site, et toute utilisation de visites ou d''autres mesures qui  impose une charge d&eacute;raisonnable ou disproportionn&eacute;e sur le site, ou autrement  avec son bon fonctionnement et en temps opportun. Ce site n''a pas d''examen ou  de contr&ocirc;le des sites tiers qui pointent vers ou depuis le site, et n''est pas  responsable pour le contenu des sites tiers li&eacute;s &agrave; ou depuis le site.</span><span lang="RU"><br />  <br />  </span><b><span style="mso-fareast-font-family:  " &#39?;mso-bidi-font-family:?&#39?;color:black?="" lang="RU">Copyright</span></b><span lang="RU"><br />  </span><span style="mso-fareast-font-family:" &#39?;mso-bidi-font-family:="" "&#39?;color:black?="" lang="RU">Vous reconnaissez que le Site contient des  informations, donn&eacute;es, logiciels, photographies, graphiques, vid&eacute;os, polices,  graphismes, musiques, sons et autres mat&eacute;riels (collectivement le &laquo;Contenu&raquo;)  qui sont prot&eacute;g&eacute;s par des copyrights, marques d&eacute;pos&eacute;es, secrets commerciaux ou  autres droits de propri&eacute;t&eacute; , et que ces droits sont valables et prot&eacute;g&eacute;s sous  toutes ses formes, m&eacute;dias et technologies existants ou d&eacute;velopp&eacute;s. Tout le  contenu est prot&eacute;g&eacute; comme une &oelig;uvre collective. Vous ne pouvez pas modifier,  supprimer, supprimer, augmenter, ajouter, publier, transmettre, participer au  transfert ou la vente de, cr&eacute;er des &oelig;uvres d&eacute;riv&eacute;es ou exploiter de quelque  fa&ccedil;on le Contenu, en totalit&eacute; ou en partie. Si aucune restriction sp&eacute;cifique  sont affich&eacute;es, vous pouvez faire des copies de portions de s&eacute;lectionner du  contenu, &agrave; condition que les copies sont faites uniquement pour votre usage  personnel et que vous conserviez les mentions figurant dans le contenu, comme  toutes les mentions de copyright, marque de l&eacute;gendes, ou autres droits de  propri&eacute;t&eacute; des droits.</span><span lang="RU"> </span><span style="mso-fareast-font-family:" &#39?;mso-bidi-font-family:?&#39?;="" color:black?="" lang="RU">&nbsp;</span><span lang="RU"><br />  <br />  </span><b><span style="mso-fareast-font-family:  " &#39?;mso-bidi-font-family:?&#39?;color:black?="" lang="RU">Limitation de  responsabilit&eacute;</span></b><span lang="RU"><br />  </span><span style="mso-fareast-font-family:" &#39?;mso-bidi-font-family:="" "&#39?;color:black?="" lang="RU">Ce site, y compris, mais sans s''y limiter, la  n&eacute;gligence, ne doit pas &ecirc;tre tenu responsable pour toute perte de biens, de  profit ou un pr&eacute;judice personnel, en raison de l''utilisation ou l''impossibilit&eacute;  d''utiliser, de la marchandise sur ce site.</span><span lang="RU"><br />  <br />  </span><b><span style="mso-fareast-font-family:  " &#39?;mso-bidi-font-family:?&#39?;color:black?="" lang="RU">Votre compte</span></b><span lang="RU"><br />  </span><span style="mso-fareast-font-family:" &#39?;mso-bidi-font-family:="" "&#39?;color:black?="" lang="RU">Si vous utilisez ce site, vous &ecirc;tes responsable de  maintenir la confidentialit&eacute; de votre compte et mot de passe et de restreindre  l''acc&egrave;s &agrave; votre ordinateur, et vous acceptez la responsabilit&eacute; pour toutes les  activit&eacute;s qui se produisent sous votre compte ou mot de passe. Si vous &ecirc;tes  moins de 18 ans, vous pouvez utiliser ce site seulement avec la participation  d''un parent ou tuteur.</span><span lang="RU"> </span><span style="mso-fareast-font-family:" &#39?;mso-bidi-font-family:?&#39?;="" color:black?="" lang="RU">&nbsp;</span><span lang="RU"><br />  <br />  </span><b><span style="mso-fareast-font-family:  " &#39?;mso-bidi-font-family:?&#39?;color:black?="" lang="RU">Tarification  Avertissement</span></b><span lang="RU"><br />  <br />  </span><span style="mso-fareast-font-family:" &#39?;mso-bidi-font-family:="" "&#39?;color:black?="" lang="RU">Tous les prix sont sujets &agrave; changement. Pour tous les  prix, produits et offres, ce site se r&eacute;serve le droit de faire des ajustements  dus aux conditions changeantes du march&eacute;, l''arr&ecirc;t des produits, variations de  prix du fabricant, des erreurs dans les publicit&eacute;s et autres circonstances  att&eacute;nuantes.</span><span lang="RU"><br />  <br />  </span><b><span style="mso-fareast-font-family:  " &#39?;mso-bidi-font-family:?&#39?;color:black?="" lang="RU">D&eacute;saccord des Termes  et Conditions d''utilisation</span></b><span lang="RU"><br />  </span><span style="mso-fareast-font-family:" &#39?;mso-bidi-font-family:="" "&#39?;color:black?="" lang="RU">Si vous &ecirc;tes en d&eacute;saccord avec l''une des modalit&eacute;s et  conditions du pr&eacute;sent Accord utilisateur, s''il vous pla&icirc;t ne pas visiter,  naviguer, de magasiner, d''acc&egrave;s ou d''utiliser autrement ce site. Votre  utilisation de ce site Web signifie votre accord &agrave; &ecirc;tre li&eacute; par les termes du  pr&eacute;sent Accord. Nous nous r&eacute;servons le droit de r&eacute;viser ou de modifier les  termes iScripts d''utilisation, Politique de confidentialit&eacute; et les r&egrave;glements  sans pr&eacute;avis.</span></p>\r\n      \r\n\r\n', 'Conditions d''utilisation'),
(101, 13, 5, '<p>    Este sitio proporciona sus servicios a las siguente condiciones: al visitar, navegar, ir de compras, acceder o utilizar el sitio usted acepta este Acuerdo de Usuario y todos sus terminos y condiciones. Al visitar, nevagar, ir de compras acceder o utilizar el sitio despues de un cambio se ha publicado en el sitio, el cliente acepta el cambio. Los clientes deben comprobar este Acuerdo de Usuario con frecuencia.<br />    <br />    <strong>La Actividad del Sitio</strong><br />    La siguente actividad en el sitio queda expresamente prohibido: cualquier uso que no es comercial o personal de cualquier dispositivo electronico o cualquier proceso manual para controlar o copiar partes del sitio o su contenido sin permiso previo por escrito por esta colecci&oacute;n de sitios o el uso de cualquier listado de productos, descripciones o precios para el beneficio de cualquier otra empresa que subministra productos de la competencia con o comparable a los ofrecido en este sitio y cualquier uso de, las visitas a. o cualquier otra accion que imponga una carga irrazonable o deproporcionadamente grande en el sitio, o interfiera con su funcionamento apropiado y oportuno. Este sitio no revisa ni controla los sitios de terceros que enlancen desde este sitio y no es responsable de los contenidos de los sitios de terceros vinculados haci o desde el sitio.<br />    <br />    <strong>Derechos de autor</strong><br />    Usted reconoce que el Sitio contiene informacion, datos, software, graficos,videos, tipografias,graficos,musica,sinidos y otro materiales (&ldquo;Contendio&rdquo;) que estan protegidos po derechos de autor, marcas registradas, secretos comerciales o otros derechos de propiedad y estos derechos son validos y protegidos en todas las formas,medios y tecnologias exitente ahora o en adelante desarollados. Todo el Contenido esta protegido como un trabajo colectivo. Usted no puede modificar, eliminar aumentar, anadir, publicar, transmitir, participar en la transferencia o venta, crear trabajos derivados de, o en cualquier manera explotar el Contenido, en todo o en parte. Si no hay restricciones especificas que se muestran es posible hace r copias de determinadas partes del Contenido, siempre que las copias se hacen solo para su uso personal y que mantenga los avisos de copyright marcas, o otros avisos de derecho de propiedad.</p>\r\n<p>    &nbsp;</p>\r\n<p>    <strong>Limitacion de la responsabilidad</strong><br />    Este sitio, incluyendo pero no limitado a negligencia, no se hace responsible de cualquier perdida de propriedad, los beneficios, o danos personales, dbito a al urilizacion o imposiblilidad de uso de mercancias en este sitio.</p>\r\n<p>    <strong>Su cuenta</strong><br />    Si usted utilize este sitio, usted es responsible de mantener la confidencialidad de su cuenta y contrasena y de restringir el acceso a su computadora, y usted acepta la responsabilidad de todas las actividades que ocurran bajo su cuenta o contrasena. Si usted es menor de 18 anos, puede utilizar el sitio solo con la participacion de los padres o su tutore.</p>', 'Condiciones'),
(102, 13, 6, '\r\n<p class="MsoNormal"><span style="font-family:" &#39?;mso-fareast-font-family:="" "&#39?;mso-bidi-font-family:?&#39?;color:black?="" lang="RU">Diese Website bieten  ihre Dienste an Sie unter den folgenden Bedingungen. Durch den Besuch, Surfen,  Shopping, Zugriff oder anderweitige Nutzung der Website erkl&auml;ren Sie sich diese  Nutzungsbedingungen und alle Bedingungen und Konditionen. Durch den Besuch,  Surfen, Shopping, Zugriff oder anderweitige Nutzung der Website nach einer  &Auml;nderung auf der Website gebucht wurde, akzeptiert der Kunde dies zu &auml;ndern.  Kunden sollten pr&uuml;fen, diese Nutzungsvereinbarung h&auml;ufig.</span><span lang="RU"><br />  <br />  </span><b><span style="font-family:  " &#39?;mso-fareast-font-family:?&#39?;mso-bidi-font-family:?&#39?;="" color:black?="" lang="RU">Site-Aktivit&auml;t</span></b><span lang="RU"><br />  </span><span style="font-family:" &#39?;mso-fareast-font-family:="" "&#39?;mso-bidi-font-family:?&#39?;color:black?="" lang="RU">Die folgenden  Aktivit&auml;ten auf der Website ist ausdr&uuml;cklich verboten: Jede nicht-private oder  kommerzielle Nutzung der automatischen Ger&auml;te oder manuellen Prozess zu  &uuml;berwachen oder zu kopieren, Teile der Seiten oder deren Inhalte ohne vorherige  schriftliche Genehmigung durch enthaltene</span><span lang="RU"> </span><span style="font-family:" &#39?;mso-fareast-font-family:?&#39?;="" mso-bidi-font-family:?&#39?;color:black?="" lang="RU">&nbsp;</span><span lang="RU"><br />  </span><span style="font-family:" &#39?;mso-fareast-font-family:="" "&#39?;mso-bidi-font-family:?&#39?;color:black?="" lang="RU">dieser Website  Erhebung oder Verwendung von Produktlisten, Beschreibungen oder Preisen, von  der Website zum Wohle eines anderen H&auml;ndlers, dass die Produkte im Wettbewerb  mit oder vergleichbar mit denen auf der Website angeboten liefert, und jede  Nutzung, Besuche oder andere Ma&szlig;nahmen dass erlegt eine unangemessene oder  unverh&auml;ltnism&auml;&szlig;ig gro&szlig;e Last auf der Website oder auf andere Weise st&ouml;rt mit  seinen richtigen und rechtzeitigen funktioniert. Diese Seite enth&auml;lt keine  &Uuml;berpr&uuml;fung oder Kontrolle Websites von Drittanbietern, die auf oder von der  Website und keine Verantwortung f&uuml;r den Inhalt der Websites von Drittanbietern  in Verbindung mit oder von der Website.</span><span lang="RU"><br />  <br />  </span><b><span style="font-family:  " &#39?;mso-fareast-font-family:?&#39?;mso-bidi-font-family:?&#39?;="" color:black?="" lang="RU">Urheberrecht</span></b><span lang="RU"><br />  </span><span style="font-family:" &#39?;mso-fareast-font-family:="" "&#39?;mso-bidi-font-family:?&#39?;color:black?="" lang="RU">Sie erkennen an, dass  die Website Informationen, Daten, Software, Fotos, Grafiken, Videos, Schriften,  Grafiken, Musik, Ger&auml;usche und andere Materialien (gemeinsam  "Content"), die durch Urheberrechte, Marken, Gesch&auml;ftsgeheimnisse  oder andere Eigentumsrechte gesch&uuml;tzt sind enthalten , und dass diese Rechte  g&uuml;ltig und gesch&uuml;tzt in allen Formen, Medien und Technologien, die jetzt oder  im Folgenden entwickelt werden. Alle Inhalte sind als Sammelwerk  urheberrechtlich gesch&uuml;tzt. Sie k&ouml;nnen nicht &auml;ndern, zu entfernen, l&ouml;schen, zu  erg&auml;nzen, zu erg&auml;nzen, zu ver&ouml;ffentlichen, zu &uuml;bertragen, an der Weitergabe  oder der Verkauf, abgeleitete Werke zu erstellen, oder in irgendeiner Weise zu  nutzen eines der Inhalt im Ganzen oder in Teilen. Wenn keine besonderen  Einschr&auml;nkungen angezeigt werden, k&ouml;nnen Sie Kopien von ausgew&auml;hlten Teile des  Inhalts, vorausgesetzt, dass die Kopien nur f&uuml;r den pers&ouml;nlichen Gebrauch, und  dass Sie halten keine Hinweise in den Inhalten enthalten sind, wie alle  Copyright-Vermerke, Marken-Legenden, oder gemacht werden anderen  Eigentumsrechten.</span><span lang="RU"> </span><span style="font-family:  " &#39?;mso-fareast-font-family:?&#39?;mso-bidi-font-family:?&#39?;="" color:black?="" lang="RU">&nbsp;</span><span lang="RU"><br />  <br />  </span><b><span style="font-family:  " &#39?;mso-fareast-font-family:?&#39?;mso-bidi-font-family:?&#39?;="" color:black?="" lang="RU">Haftungsbeschr&auml;nkung</span></b><span lang="RU"><br />  </span><span style="font-family:" &#39?;mso-fareast-font-family:="" "&#39?;mso-bidi-font-family:?&#39?;color:black?="" lang="RU">Diese Website,  einschlie&szlig;lich, aber nicht beschr&auml;nkt auf Fahrl&auml;ssigkeit, haftet nicht f&uuml;r den  Verlust von Eigentum, Profit oder pers&ouml;nlichen Schaden durch die Nutzung oder  Unm&ouml;glichkeit der Nutzung der Ware auf dieser Website.</span><span lang="RU"><br />  <br />  </span><b><span style="font-family:  " &#39?;mso-fareast-font-family:?&#39?;mso-bidi-font-family:?&#39?;="" color:black?="" lang="RU">Ihr Konto</span></b><span lang="RU"><br />  </span><span style="font-family:" &#39?;mso-fareast-font-family:="" "&#39?;mso-bidi-font-family:?&#39?;color:black?="" lang="RU">Wenn Sie diese  Website nutzen, sind Sie verantwortlich f&uuml;r die Wahrung der Vertraulichkeit  Ihres Kontos und Passworts sowie f&uuml;r den Zugang zu Ihrem Computer, und Sie  &uuml;bernehmen die Verantwortung f&uuml;r alle Aktivit&auml;ten, die unter Ihrem Konto oder  Kennwort auftreten. Wenn Sie unter 18 sind, k&ouml;nnen Sie diese Seite nur mit  einem Elternteil oder Erziehungsberechtigten nutzen.</span><span lang="RU"> </span><span style="font-family:" &#39?;mso-fareast-font-family:?&#39?;="" mso-bidi-font-family:?&#39?;color:black?="" lang="RU">&nbsp;</span><span lang="RU"><br />  <br />  </span><b><span style="font-family:  " &#39?;mso-fareast-font-family:?&#39?;mso-bidi-font-family:?&#39?;="" color:black?="" lang="RU">Pricing Haftungsausschluss</span></b><span lang="RU"><br />  <br />  </span><span style="font-family:" &#39?;mso-fareast-font-family:="" "&#39?;mso-bidi-font-family:?&#39?;color:black?="" lang="RU">Alle Preise sind  freibleibend. F&uuml;r alle Preise, Produkte und Angebote, beh&auml;lt dieser Website das  Recht vor, Anpassungen aufgrund von ver&auml;nderten Marktbedingungen, die  Einstellung des Erzeugnisses, Hersteller Preis&auml;nderungen, Irrt&uuml;mer in der  Werbung und andere mildernde Umst&auml;nde zu machen.</span><span lang="RU"><br />  <br />  </span><b><span style="font-family:  " &#39?;mso-fareast-font-family:?&#39?;mso-bidi-font-family:?&#39?;="" color:black?="" lang="RU">Uneinigkeit der Nutzungsbedingungen und AGB</span></b><span lang="RU"><br />  </span><span style="font-family:" &#39?;mso-fareast-font-family:="" "&#39?;mso-bidi-font-family:?&#39?;color:black?="" lang="RU">Wenn Sie mit einer  der Bedingungen dieser Nutzungsvereinbarung nicht zustimmen, besuchen Sie bitte  nicht, suchen, einkaufen, zuzugreifen oder diese anderweitig nutzen Sie diese  Website. Ihre Nutzung dieser Website erkl&auml;ren Sie sich mit den Bedingungen  dieser Vereinbarung gebunden zu sein. Wir behalten uns vor zu &uuml;berarbeiten oder  zu &auml;ndern iScripts Nutzungsbedingungen, Datenschutz und Vorschriften ohne  vorherige Ank&uuml;ndigung.</span></p>\r\n      \r\n\r\n', 'Bedingungen'),
(103, 12, 2, '\r\n  \r\n<p class="MsoNormal"><span style="mso-fareast-font-family:" &#39?;="" mso-bidi-font-family:?&#39?;color:black?="" lang="RU">Nous reconnaissons l''importance  de prot&eacute;ger la confidentialit&eacute; des renseignements personnels sur nos clients.  Les renseignements personnels comprennent toutes les informations  d''identification personnelle que nous sont fournies. Nous sommes sensibles &agrave;  ces int&eacute;r&ecirc;ts priv&eacute;s et nous croyons que la protection des informations  personnelles pr&eacute;cieuses / financier est l''une de nos responsabilit&eacute;s les plus  importantes.</span><span lang="RU"><br />  <br />  </span><b><span style="mso-fareast-font-family:  " &#39?;mso-bidi-font-family:?&#39?;color:orange?="" lang="RU">Les politiques  d&eacute;crites ci-dessous d&eacute;crivent nos politiques pour prot&eacute;ger votre vie priv&eacute;e.</span></b><span lang="RU"><br />  <br />  </span><b><span style="mso-fareast-font-family:  " &#39?;mso-bidi-font-family:?&#39?;color:black?="" lang="RU">Utilisation, la  collecte et la conservation des informations client</span></b><span lang="RU"><br />  </span><span style="mso-fareast-font-family:" &#39?;mso-bidi-font-family:="" "&#39?;color:black?="" lang="RU">Nous recueillons, conserver et utiliser seulement les  informations sur nos clients qui est requis par la loi pour administrer notre  entreprise et offrir des services de haut niveau pour nos clients. Nous  conservons ces informations ne sont plus que n&eacute;cessaires pour atteindre ces  objectifs. Toutes les informations transmises de cr&eacute;dit carte est trait&eacute;e en  toute s&eacute;curit&eacute; gr&acirc;ce &agrave; cryptage num&eacute;rique Secure Socket Layers (SSL).</span><span lang="RU"><br />  <br />  </span><b><span style="mso-fareast-font-family:  " &#39?;mso-bidi-font-family:?&#39?;color:black?="" lang="RU">Spam</span></b><span lang="RU"><br />  </span><span style="mso-fareast-font-family:" &#39?;mso-bidi-font-family:="" "&#39?;color:black?="" lang="RU">Le spam est inondations Internet avec de nombreuses  copies du m&ecirc;me message, dans une tentative de forcer le message sur les  personnes qui n''auraient autrement pas choisir de le recevoir. Spam cible les  utilisateurs individuels avec des messages de publipostage et des co&ucirc;ts de  l''exp&eacute;diteur que tr&egrave;s peu &agrave; envoyer. La plupart des co&ucirc;ts sont pay&eacute;s par le  destinataire ou les transporteurs, plut&ocirc;t que par l''exp&eacute;diteur.</span><span lang="RU"><br />  <br />  </span><span style="mso-fareast-font-family:" &#39?;mso-bidi-font-family:="" "&#39?;color:black?="" lang="RU">Nous ne pardonnons pas l''utilisation de spam et  l''envoi de courriels non sollicit&eacute;s de toute forme, nous ne contr&ocirc;lons pas  l''implication d''autres sites Web et / ou pratiques dans ce domaine.</span></p>\r\n            \r\n\r\n', 'Politique de confidentialitï¿½'),
(107, 11, 6, '\r\nVerkaufen Sie Ihre gebrauchten oder nicht benutzten Artikel zu einem g&uuml;nstigeren Preis!\r\n\r\n', 'Verkaufen'),
(104, 12, 5, '<p>    Nosotros reconocemos la importance ade proteger la privacidad de la informacion personal d enuestros clientes. La informacion personal incluye toda la informacion de identificacion que nos proporcione. Somos sensibles a los intereses privados y creemos que proteger la valiosa informacion personal y financiera de usted representa una de los responsabilidades mas importante para nosotros.<br />    &nbsp;</p>\r\n<p>    <span style="color:#ff8c00;"><strong>Las politaicas descritas abajo describen nuestra politicas para proteger sy privacidad..</strong></span><br />    <br />    <strong>Uso, colecion y retencion de informacion del cliente.</strong><br />    Nosotros recogemos conservamos y utilisamos solo la informacion sobre nuestros clients que es requerida por la ley para administraer nuestro negocio y proporcionar servicios de alta calidad a nuestro clientes. Nos reservamos esta informacion no mas de lo necesario para alcanzar estos objectivos. Toda la informacion de tarjeta de credito transmitido a nuestro sitio se maneja de forma seguara, atraves de technologia digitalmente encriptada segura - SSL (Secure Socket Layers).<br />    <br />    <strong>Politica contra el </strong><strong>spam</strong><br />    El spam esta inundando el Internet con muchas copias del mismo mensaje, en un intento de forzar el mensaje al las personas que de otro modo no querian de recibirlo. El spam esta dirigido al usuarios individuales con mensajes de correo electronicos directos que cuesta quasi nada para remitir. La mayoria de los costos son pagados por el beneficiario del correo o por las companias de internet.<br />    <br />    Nosotros no aprobamos el uso de spam y el envio de correo electronico no solicitado de cualquier forma ni tampoco controlamos la interevncion de otros sitios de Internet y/o practicas en este ambito.</p>', 'Politica de Privacidad'),
(106, 11, 5, '<p>    &iexcl;Vender los articulos que usted quieres vender no estas utilizando a un precio mejor!</p>', 'Vender'),
(105, 12, 6, '\r\n  \r\n<p class="MsoNormal"><span style="font-family:" &#39?;mso-fareast-font-family:="" "&#39?;mso-bidi-font-family:?&#39?;color:black?="" lang="RU">Wir erkennen die  Bedeutung des Schutzes der Privatsph&auml;re von pers&ouml;nlichen Informationen unserer  Kunden. Pers&ouml;nliche Informationen enth&auml;lt alle pers&ouml;nlichen Informationen, die  uns zur Verf&uuml;gung gestellt wird. Wir sind uns dieser privaten Interessen und  glauben, dass der Schutz der wertvollen pers&ouml;nlichen / Finanzinformationen ist  eine unserer wichtigsten Aufgaben.</span><span lang="RU"><br />  <br />  </span><b><span style="font-family:  " &#39?;mso-fareast-font-family:?&#39?;mso-bidi-font-family:?&#39?;="" color:orange?="" lang="RU">Die Politik skizziert unten beschreiben unsere Richtlinien zum  Schutz Ihrer Privatsph&auml;re.</span></b><span lang="RU"><br />  <br />  </span><b><span style="font-family:  " &#39?;mso-fareast-font-family:?&#39?;mso-bidi-font-family:?&#39?;="" color:black?="" lang="RU">Die Verwendung, Sammlung und Speicherung von Client-Informationen</span></b><span lang="RU"><br />  </span><span style="font-family:" &#39?;mso-fareast-font-family:="" "&#39?;mso-bidi-font-family:?&#39?;color:black?="" lang="RU">Wir erheben,  speichern und nutzen nur die Informationen &uuml;ber unsere Kunden, dass dies  gesetzlich vorgeschrieben ist, um unser Gesch&auml;ft zu verwalten und bieten hohe  Leistungen f&uuml;r unsere Kunden. Wir speichern diese Daten nicht l&auml;nger als n&ouml;tig,  um diese Ziele zu erreichen. Alle &uuml;bermittelten Kreditkarteninformationen  werden sicher &uuml;ber digital verschl&uuml;sselte Secure Socket Layers  (SSL)-Technologie behandelt.</span><span lang="RU"><br />  <br />  </span><b><span style="font-family:  " &#39?;mso-fareast-font-family:?&#39?;mso-bidi-font-family:?&#39?;="" color:black?="" lang="RU">Spam-Richtlinie</span></b><span lang="RU"><br />  </span><span style="font-family:" &#39?;mso-fareast-font-family:="" "&#39?;mso-bidi-font-family:?&#39?;color:black?="" lang="RU">Spam &uuml;berflutet das  Internet mit vielen Kopien der gleichen Nachricht, in einem Versuch, die  Nachricht auf Menschen, die sonst nicht w&auml;hlen, sie zu empfangen zwingen w&uuml;rde.  E-Mail Spam Ziele einzelne Benutzer mit Direct-Mail-Nachrichten und Kosten des  Absenders nur sehr wenig zu senden. Die meisten Kosten werden durch den  Empf&auml;nger oder die Tr&auml;ger als Lasten des Absenders.</span><span lang="RU"><br />  <br />  </span><span style="font-family:" &#39?;mso-fareast-font-family:="" "&#39?;mso-bidi-font-family:?&#39?;color:black?="" lang="RU">Wir dulden die  Nutzung von Spam und das Versenden von unerw&uuml;nschten E-Mails in irgendeiner  Form, noch haben wir Kontrolle &uuml;ber andere Websites Beteiligung und / oder  Praktiken in diesem Bereich.</span></p>\r\n            \r\n\r\n', 'Datenschutzbestimmungen'),
(108, 10, 5, '<p>    Limpiar su casa de articulos que no estas usando, mediante el canje por algo que usted necesita.</p>', 'Baratar'),
(109, 10, 6, '\r\nEntr&uuml;mpeln Sie Ihr Haus halten Produkten durch den Austausch mit etwas, das Sie brauchen.\r\n\r\n', 'tauschen'),
(110, 9, 2, '\r\n    Obtenir un article que vous avez cherch&eacute; &agrave; meilleur prix.\r\n\r\n', 'souhaits'),
(111, 9, 5, '\r\n<p>    Obtener un articulo, que usted ha estado buscando, a un precio mejor.</p>\r\n\r\n', 'Deseo'),
(112, 9, 6, '\r\n    Verschaffen Sie sich einen Artikel, den Sie gesucht haben zu einem besseren Preis.\r\n\r\n', 'Wunsch'),
(113, 8, 2, '\r\n<p class="MsoNormal"><b><span style="mso-fareast-font-family:" &#39?;mso-bidi-font-family:?&#39?;="" color:black?="" lang="RU">Nous ne sommes pas juste un site web, nous sommes une communaut&eacute;!</span></b><span lang="RU"><br />  <br />  </span><span style="mso-fareast-font-family:" &#39?;mso-bidi-font-family:="" "&#39?;color:black?="" lang="RU">Ce site est un service en ligne permutation, o&ugrave; les  membres peuvent acc&eacute;der aux d&eacute;tails sur les autres membres des articles non  d&eacute;sir&eacute;s, et &eacute;l&eacute;ments de liste sur le site eux-m&ecirc;mes qu''ils n''ont plus besoin,  puis faire une demande pour des biens voulait. Notre objectif principal est d''aider  nos membres &agrave; se d&eacute;barrasser de leurs &eacute;l&eacute;ments ind&eacute;sirables et de leur  permettre de trouver des biens dont ils ont besoin parmi les uns des autres  sans aucun frais.</span><span lang="RU"><br />  <br />  </span><span style="mso-fareast-font-family:" &#39?;mso-bidi-font-family:="" "&#39?;color:black?="" lang="RU">Ce site est n&eacute; de l''id&eacute;e que de nombreux individus  luttent aujourd''hui pour d&eacute;cider quoi faire avec les &eacute;l&eacute;ments qu''ils n''ont plus  l''utiliser pour. Nous avons constat&eacute; que, plus souvent qu''autrement, ces  &eacute;l&eacute;ments sont g&eacute;n&eacute;ralement corrompue ou totalement ignor&eacute;s et vous savez ce  qu''ils disent "Trash Un homme est le tr&eacute;sor d''un autre homme." Dans  cet esprit, nous avons reconnu qu''il y avait effectivement une place dans  l''&eacute;conomie d''aujourd''hui pour ces personnes, et cette place est ici!</span><span lang="RU"><br />  <br />  </span><span style="mso-fareast-font-family:" &#39?;mso-bidi-font-family:="" "&#39?;color:black?="" lang="RU">Notre personnel, s''est pleinement engag&eacute; &agrave; assurer que  chaque utilisateur dans notre communaut&eacute; est combl&eacute;s. De plus, notre personnel  est constamment converser entre eux des &eacute;changes d''id&eacute;es et les pens&eacute;es  d''autres nouvelles pour vous accueillir. Nous aimerions entendre vos id&eacute;es et  vos pens&eacute;es aussi! Nous esp&eacute;rons que vous appr&eacute;cierez notre site et de tous les  avantages qu''elle apporte &agrave; vous.</span><span lang="RU"> </span><span style="mso-fareast-font-family:" &#39?;mso-bidi-font-family:?&#39?;="" color:black?="" lang="RU">&nbsp;</span></p>\r\n\r\n', 'A propos de nous'),
(114, 8, 5, '<p>    <strong>No somos solo un sitio en internet, somos una comunidad!</strong><br />    <br />    Este sitio es un servicio on-line de intercambio, donde los miembros pueden promocionar articulos que no necesitan mas. Nuestro sitio facilita a los miembros para baratar estos articulos. Nuestro principal objectivo es ayudar a nuestro miembros de desharcese de sus articolos que no lo necesitan y buscar otros productos, sin costo alguno.</p>\r\n<p>    Este sitio nacio de la idea que hoy en el dia hay muchas personas que no puede decidir que hacer con los articulos para que no tinen uso. Hemos encontrado que mas a menudo que no estos articulos suelen ser colocado en un rincon o tirado a la basura y se sabe el dicio que &ldquo;basura de uno es tesoro de otro&rdquo;. Con esto en mente ne dimos cuenta de que abia heho un lugar en la economia actual para estas personas y este lugar este aqu&iacute; en</p>\r\n<p>    Nuestro personal esta totalmente comprometido a asegurar que cada de los usuarios en nuestra comunidad esta atendido. Ademas, nuestro personal esta analizando permanentemente como hacer mejor para encontrar y implementar nuevas ideas para hacer mas facil el uso de nuestro sitio en beneficio de toda la comunidad. Nos encantaria echchar sus ideas y pensamientos tambien.</p>\r\n<p>    Esperamos que usted disfrute de nuestro sitio y de todos los beneficios que trae para usted.</p>', 'Quienes somos'),
(115, 8, 6, '\r\n<p class="MsoNormal"><b><span style="font-family:" &#39?;mso-fareast-font-family:?&#39?;mso-bidi-font-family:="" "&#39?;color:black?="" lang="RU">Wir sind nicht nur eine Website sind wir eine  Gemeinschaft!</span></b><span lang="RU"><br />  <br />  </span><span style="font-family:" &#39?;mso-fareast-font-family:="" "&#39?;mso-bidi-font-family:?&#39?;color:black?="" lang="RU">Diese Seite ist ein  on-line Austausch-Service, in denen die Mitglieder Informationen &uuml;ber andere  Mitglieder unerw&uuml;nschte Elemente und Listenelemente auf der Website selbst sie  nicht mehr ben&ouml;tigen, zugreifen k&ouml;nnen, dann machen Anforderung wollte G&uuml;ter.  Unser Hauptziel ist es, unseren Mitgliedern helfen loszuwerden ihre  unerw&uuml;nschte Elemente und es ihnen erm&ouml;glichen, Waren, die sie brauchen  untereinander kostenlos zu finden.</span><span lang="RU"><br />  <br />  </span><span style="font-family:" &#39?;mso-fareast-font-family:="" "&#39?;mso-bidi-font-family:?&#39?;color:black?="" lang="RU">Diese Seite wurde aus  der Erkenntnis, dass viele Menschen heute Kampfes entscheiden, was mit  Gegenst&auml;nde, die sie nicht mehr haben verwenden geboren. Wir haben  festgestellt, dass mehr als oft nicht, diese Elemente sind in der Regel im  Papierkorb oder v&ouml;llig au&szlig;er Acht gelassen, und Sie wissen, was sie sagen  "One Man ist Trash Another Man Schatz ist." In diesem Sinne haben wir  erkannt, dass es tats&auml;chlich einen Platz in der heutigen Wirtschaft f&uuml;r diese  Personen, und dieser Ort ist hier!</span><span lang="RU"><br />  <br />  </span><span style="font-family:" &#39?;mso-fareast-font-family:="" "&#39?;mso-bidi-font-family:?&#39?;color:black?="" lang="RU">Unser Personal ist  voll versichert, dass jeder Benutzer in unserer Gemeinde ist es, Catering  verpflichtet. Dar&uuml;ber hinaus sind unsere Mitarbeiter st&auml;ndig im Gespr&auml;ch  untereinander den Austausch neuer Ideen und Gedanken mit Ihnen aufnehmen. Wir  freuen uns auf Ihre Ideen und Gedanken zu h&ouml;ren! Wir hoffen, dass Sie unsere  Website und alle Vorteile es bringt, Sie genie&szlig;en.</span><span lang="RU"> </span><span style="font-family:" &#39?;mso-fareast-font-family:?&#39?;="" mso-bidi-font-family:?&#39?;color:black?="" lang="RU">&nbsp;</span></p>\r\n      \r\n\r\n', 'ï¿½ber uns'),
(119, 15, 6, '\r\n                          \r\n<table border="0" cellpadding="0" cellspacing="0">                    \r\n<tbody>                        \r\n<tr>                            \r\n<td colspan="3" style="width:576px;height:0px;">                                      New Artikel wurde hinzugef&uuml;gt              </td>        </tr>                        \r\n<tr>                            \r\n<td style="width:129px;height:0px;">                                      Kategorie            </td>                            \r\n<td style="width:444px;height:0px;">                                      <strong>{txtCategoryname}</strong>              </td>                            \r\n<td style="width:3px;height:0px;">                                \r\n<p>                    &nbsp;</p>\r\n                            </td>        </tr>                          \r\n<tr>                            \r\n<td style="width:129px;height:0px;">                                      Titel            </td>                            \r\n<td style="width:444px;height:0px;">                                      <strong>{txtTitle}</strong>            </td>                              \r\n<td style="width:3px;height:0px;">                                \r\n<p>                    &nbsp;</p>\r\n                            </td>        </tr>                          \r\n<tr>                            \r\n<td style="width:129px;height:0px;">                                      Branding            </td>                            \r\n<td style="width:444px;height:0px;">                                      <strong>{txtBrand}</strong>            </td>                              \r\n<td style="width:3px;height:0px;">                                \r\n<p>                    &nbsp;</p>\r\n                            </td>        </tr>                          \r\n<tr>                            \r\n<td style="width:129px;height:0px;">                                      Typ            </td>                            \r\n<td style="width:444px;height:0px;">                                      <strong>{ddlType}</strong>            </td>                              \r\n<td style="width:3px;height:0px;">                                \r\n<p>                    &nbsp;</p>\r\n                            </td>        </tr>                          \r\n<tr>                            \r\n<td style="width:129px;height:0px;">                                      Bedingung            </td>                            \r\n<td style="width:444px;height:0px;">                                      <strong>{ddlCondition}</strong>            </td>                              \r\n<td style="width:3px;height:0px;">                                \r\n<p>                    &nbsp;</p>\r\n                            </td>        </tr>                          \r\n<tr>                            \r\n<td style="width:129px;height:0px;">                                      Jahr            </td>                            \r\n<td style="width:444px;height:0px;">                                      <strong>{txtYear}</strong>            </td>                              \r\n<td style="width:3px;height:0px;">                                \r\n<p>                    &nbsp;</p>\r\n                            </td>        </tr>                          \r\n<tr>                            \r\n<td style="width:129px;height:0px;">                                      {pricename}            </td>                            \r\n<td style="width:444px;height:0px;">                                      <strong>{txtValue}</strong>            </td>                              \r\n<td style="width:3px;height:0px;">                                \r\n<p>                    &nbsp;</p>\r\n                            </td>        </tr>                          \r\n<tr>                            \r\n<td colspan="3" style="width:576px;height:0px;">                                      Vielen Dank            </td>        </tr>                          \r\n<tr>                            \r\n<td colspan="3" style="width:576px;height:0px;">                                  \r\n<p>                    {SITE_NAME}   Crew.&nbsp;{SITE_URL}</p>\r\n                            </td>        </tr>      </tbody></table>                \r\n<p>    &nbsp;</p>\r\n                                        \r\n\r\n', 'Neues Element ist in {SITE_NAME} hinzugefï¿½gt worden'),
(122, 17, 5, '<table border="0" cellpadding="4" cellspacing="0" width="610">    <colgroup>        <col>        <col>    </colgroup>    \r\n<tbody>        \r\n<tr>            \r\n<td colspan="2">                \r\n<p>                    El siguente articulo se ha vendido en {site_name}</p>\r\n            </td>        </tr>        \r\n<tr>            \r\n<td>                \r\n<p>                    Nombre del producto</p>\r\n            </td>            \r\n<td>                \r\n<p>                    {var_title}</p>\r\n            </td>        </tr>        \r\n<tr>            \r\n<td>                \r\n<p>                    El precio del producto</p>\r\n            </td>            \r\n<td>                \r\n<p>                    {var_amount}</p>\r\n            </td>        </tr>        \r\n<tr>            \r\n<td>                \r\n<p>                    La cantidad</p>\r\n            </td>            \r\n<td>                \r\n<p>                    {var_quantity}</p>\r\n            </td>        </tr>        \r\n<tr>            \r\n<td>                \r\n<p>                    Identificacion del la transacion</p>\r\n            </td>            \r\n<td>                \r\n<p>                    {txnid}</p>\r\n            </td>        </tr>        \r\n<tr>            \r\n<td>                \r\n<p>                    Comprador</p>\r\n            </td>            \r\n<td>                \r\n<p>                    {guserFName}</p>\r\n            </td>        </tr>        \r\n<tr>            \r\n<td colspan="2" height="23">                \r\n<p>                    La {SITE_NAME} Tripulacion | {SITE_URL}</p>\r\n            </td>        </tr>    </tbody></table>\r\n<p>    &nbsp;</p>', 'Uno de sus productos aparezcan en ï¿½{site_name}! ha sido vendido'),
(123, 17, 6, '\r\n<table border="0" cellpadding="0" cellspacing="0">      \r\n<tbody>          \r\n<tr>              \r\n<td colspan="3" style="width:576px;height:0px;">                  \r\n<p>                    Nach Artikel wurde am {SITE_NAME} verkauft worden</p>\r\n              </td>        </tr>          \r\n<tr>              \r\n<td style="width:125px;height:0px;">                  \r\n<p>                    Artikel Name</p>\r\n              </td>              \r\n<td style="width:447px;height:0px;">                  \r\n<p>                    {var_title}</p>\r\n              </td>              \r\n<td style="width:3px;height:0px;">                  \r\n<p>                    &nbsp;</p>\r\n              </td>        </tr>          \r\n<tr>              \r\n<td style="width:125px;height:0px;">                  \r\n<p>                    Produkt Anzahl</p>\r\n              </td>              \r\n<td style="width:447px;height:0px;">                  \r\n<p>                    {var_amount}</p>\r\n              </td>              \r\n<td style="width:3px;height:0px;">                  \r\n<p>                    &nbsp;</p>\r\n              </td>        </tr>          \r\n<tr>              \r\n<td style="width:125px;height:0px;">                  \r\n<p>                    Quantity</p>\r\n              </td>              \r\n<td style="width:447px;height:0px;">                  \r\n<p>                    {var_quantity}</p>\r\n              </td>              \r\n<td style="width:3px;height:0px;">                  \r\n<p>                    &nbsp;</p>\r\n              </td>        </tr>          \r\n<tr>              \r\n<td style="width:125px;height:0px;">                  \r\n<p>                    Transaktions-ID:</p>\r\n              </td>              \r\n<td style="width:447px;height:0px;">                  \r\n<p>                    {txnid}</p>\r\n              </td>              \r\n<td style="width:3px;height:0px;">                  \r\n<p>                    &nbsp;</p>\r\n              </td>        </tr>          \r\n<tr>              \r\n<td style="width:125px;height:0px;">                  \r\n<p>                    d. K&auml;ufer</p>\r\n              </td>              \r\n<td style="width:447px;height:0px;">                  \r\n<p>                    {guserFName}</p>\r\n              </td>              \r\n<td style="width:3px;height:0px;">                  \r\n<p>                    &nbsp;</p>\r\n              </td>        </tr>          \r\n<tr>              \r\n<td colspan="3" style="width:576px;height:0px;">                  \r\n<p>                    Die {SITE_NAME} Crew | {SITE_URL}</p>\r\n              </td>        </tr>    </tbody></table>  \r\n<p>    &nbsp;</p>\r\n\r\n', 'Eine Ihrer Produkte auf der {SITE_NAME} aufgefï¿½hrt wurde verkauft'),
(125, 18, 6, '\r\n  \r\n<table border="0" cellpadding="0" cellspacing="0">        \r\n<tbody>            \r\n<tr>                \r\n<td colspan="2" style="width:576px;height:0px;">                    \r\n<p>                    Neuer Kommentar von {txtName}</p>\r\n                </td>        </tr>            \r\n<tr>                \r\n<td style="width:128px;height:0px;">                    \r\n<p>                    &nbsp;</p>\r\n                </td>                \r\n<td style="width:448px;height:0px;">                    \r\n<p>                    &nbsp;</p>\r\n                </td>        </tr>            \r\n<tr>                \r\n<td style="width:128px;height:0px;">                    \r\n<p>                    Name</p>\r\n                </td>                \r\n<td style="width:448px;height:0px;">                    \r\n<p>                    {txtName}</p>\r\n                </td>        </tr>            \r\n<tr>                \r\n<td style="width:128px;height:0px;">                    \r\n<p>                    E-Mail</p>\r\n                </td>                \r\n<td style="width:448px;height:0px;">                    \r\n<p>                    {txtEmail}</p>\r\n                </td>        </tr>            \r\n<tr>                \r\n<td style="width:128px;height:0px;">                    \r\n<p>                    Adresse</p>\r\n                </td>                \r\n<td style="width:448px;height:0px;">                    \r\n<p>                    {txtAddress}</p>\r\n                </td>        </tr>            \r\n<tr>                \r\n<td style="width:128px;height:0px;">                    \r\n<p>                    Telefon</p>\r\n                </td>                \r\n<td style="width:448px;height:0px;">                    \r\n<p>                    {txtPhone}</p>\r\n                </td>        </tr>            \r\n<tr>                \r\n<td style="width:128px;height:0px;">                    \r\n<p>                    Kommentieren</p>\r\n                </td>                \r\n<td style="width:448px;height:0px;">                    \r\n<p>                    {txtMsg}</p>\r\n                </td>        </tr>            \r\n<tr>                \r\n<td style="width:128px;height:0px;">                    \r\n<p>                    &nbsp;</p>\r\n                </td>                \r\n<td style="width:448px;height:0px;">                    \r\n<p>                    &nbsp;</p>\r\n                </td>        </tr>            \r\n<tr>                \r\n<td colspan="2" style="width:576px;height:0px;">                    \r\n<p>                    Vielen Dank!</p>\r\n                </td>        </tr>            \r\n<tr>                \r\n<td colspan="2" style="width:576px;height:0px;">                    \r\n<p>                    {SITE_NAME} Crew.&nbsp;{SITE_URL}</p>\r\n                </td>        </tr>    </tbody></table>    \r\n<p>    &nbsp;</p>\r\n    \r\n\r\n', 'Neuer Kommentar von {txtName}!'),
(126, 19, 5, '<table border="0" cellpadding="4" cellspacing="0" width="586">    <colgroup>        <col>        <col>    </colgroup>    \r\n<tbody>        \r\n<tr>            \r\n<td colspan="2">                \r\n<p>                    Un nuevo producto ha sido anadido la {TYPE}lista. Los detalles del tema se da a continuaci&oacute;n.</p>\r\n                \r\n<p>                    &nbsp;</p>\r\n            </td>        </tr>        \r\n<tr>            \r\n<td>                \r\n<p>                    Titulo:</p>\r\n            </td>            \r\n<td>                \r\n<p>                    <strong>{txtCategoryname}</strong></p>\r\n            </td>        </tr>        \r\n<tr>            \r\n<td>                \r\n<p>                    Marca:</p>\r\n            </td>            \r\n<td>                \r\n<p>                    <strong>{txtTitle}</strong></p>\r\n            </td>        </tr>        \r\n<tr>            \r\n<td>                \r\n<p>                    Tipo:</p>\r\n            </td>            \r\n<td>                \r\n<p>                    <strong>{txtBrand}</strong></p>\r\n            </td>        </tr>        \r\n<tr>            \r\n<td>                \r\n<p>                    Condiciones:</p>\r\n            </td>            \r\n<td>                \r\n<p>                    <strong>{ddlType}</strong></p>\r\n            </td>        </tr>        \r\n<tr>            \r\n<td>                \r\n<p>                    Ano:</p>\r\n            </td>            \r\n<td>                \r\n<p>                    <strong>{ddlCondition}</strong></p>\r\n            </td>        </tr>        \r\n<tr>            \r\n<td>                \r\n<p>                    El precio:</p>\r\n            </td>            \r\n<td>                \r\n<p>                    <strong>{txtYear}</strong></p>\r\n            </td>        </tr>        \r\n<tr>            \r\n<td>                \r\n<p>                    Titulo:</p>\r\n            </td>            \r\n<td>                \r\n<p>                    <strong>{txtValue}</strong></p>\r\n            </td>        </tr>        \r\n<tr>            \r\n<td colspan="2">                \r\n<p>                    Gracias,</p>\r\n            </td>        </tr>        \r\n<tr>            \r\n<td colspan="2">                \r\n<p>                    {SITE_NAME} Tripulacion. | {SITE_URL}</p>\r\n            </td>        </tr>    </tbody></table>\r\n<p>    &nbsp;</p>', 'Nuevo producto anadido a la lista de ventas!');
INSERT INTO `eswap_content_lang` (`content_lang_id`, `content_id`, `lang_id`, `content`, `content_title`) VALUES
(127, 19, 6, '\r\n                      \r\n<table border="0" cellpadding="0" cellspacing="0">                  \r\n<tbody>                      \r\n<tr>                          \r\n<td colspan="3" style="width:576px;height:0px;">                                      New Artikel wurde hinzugef&uuml;gt              </td>        </tr>                      \r\n<tr>                          \r\n<td style="width:129px;height:0px;">                                      Kategorie            </td>                          \r\n<td style="width:444px;height:0px;">                                      <strong>{txtCategoryname}</strong>              </td>                          \r\n<td style="width:3px;height:0px;">                              \r\n<p>                    &nbsp;</p>\r\n                          </td>        </tr>                        \r\n<tr>                          \r\n<td style="width:129px;height:0px;">                                      Titel            </td>                          \r\n<td style="width:444px;height:0px;">                                      <strong>{txtTitle}</strong>            </td>                            \r\n<td style="width:3px;height:0px;">                              \r\n<p>                    &nbsp;</p>\r\n                          </td>        </tr>                        \r\n<tr>                          \r\n<td style="width:129px;height:0px;">                                      Branding            </td>                          \r\n<td style="width:444px;height:0px;">                                      <strong>{txtBrand}</strong>            </td>                            \r\n<td style="width:3px;height:0px;">                              \r\n<p>                    &nbsp;</p>\r\n                          </td>        </tr>                        \r\n<tr>                          \r\n<td style="width:129px;height:0px;">                                      Typ            </td>                          \r\n<td style="width:444px;height:0px;">                                      <strong>{ddlType}</strong>            </td>                            \r\n<td style="width:3px;height:0px;">                              \r\n<p>                    &nbsp;</p>\r\n                          </td>        </tr>                        \r\n<tr>                          \r\n<td style="width:129px;height:0px;">                                      Bedingung            </td>                          \r\n<td style="width:444px;height:0px;">                                      <strong>{ddlCondition}</strong>            </td>                            \r\n<td style="width:3px;height:0px;">                              \r\n<p>                    &nbsp;</p>\r\n                          </td>        </tr>                        \r\n<tr>                          \r\n<td style="width:129px;height:0px;">                                      Jahr            </td>                          \r\n<td style="width:444px;height:0px;">                                      <strong>{txtYear}</strong>            </td>                            \r\n<td style="width:3px;height:0px;">                              \r\n<p>                    &nbsp;</p>\r\n                          </td>        </tr>                        \r\n<tr>                          \r\n<td style="width:129px;height:0px;">                                      {pricename}            </td>                          \r\n<td style="width:444px;height:0px;">                                      <strong>{txtValue}</strong>            </td>                            \r\n<td style="width:3px;height:0px;">                              \r\n<p>                    &nbsp;</p>\r\n                          </td>        </tr>                        \r\n<tr>                          \r\n<td colspan="3" style="width:576px;height:0px;">                                      Vielen Dank            </td>        </tr>                        \r\n<tr>                          \r\n<td colspan="3" style="width:576px;height:0px;">                                \r\n<p>                    {SITE_NAME}   Crew.&nbsp;{SITE_URL}</p>\r\n                          </td>        </tr>      </tbody></table>              \r\n<p>    &nbsp;</p>\r\n                                  \r\n\r\n', 'Neuer Eintrag hinzugefï¿½gt, um die Verkaufsliste!'),
(130, 21, 5, '<table border="0" cellpadding="4" cellspacing="0" width="586">    <colgroup>        <col>        <col>    </colgroup>    \r\n<tbody>        \r\n<tr>            \r\n<td colspan="2">                \r\n<p>                    Bienvenido a {SITE_NAME}. Como miembro, usted tendra la capacidad de publicar en nuestro sitio articulos que usted ya no tiene uso. Tambien, usted tendra acceso para ver los articulos ya publicados por otros miembros de <u>{</u>SITE_NAME}. El principal objectivo del sitio es aydar a nuestros miembros de deshacerse de los articulos que ustedes no deseas y luego encontrar articulos que necesitas aunque, para un peque&ntilde;o precio.Esto se hace pemitiendo a los usuarios negociar para los articulos que necesitan con los demas de una manera segura y divertida atraves de nustro sitio. Por favor, no dude en conctactarnos a {SITE_EMAIL} con qualqiuer pregunta, comentario o sugerencia acerca de nueatros dervicios unicos. Una vez mas, gracias por unirse a nuestra comunidad y disfrute de su experiencia en {SITE_URL}.</p>\r\n                \r\n<p>                    &nbsp;</p>\r\n                \r\n<p>                    <strong><u>Detalle de su cuenta :</u></strong></p>\r\n            </td>        </tr>        \r\n<tr>            \r\n<td>                \r\n<p>                    Nombre de usuario</p>\r\n            </td>            \r\n<td>                \r\n<p>                    {LoginName}</p>\r\n            </td>        </tr>        \r\n<tr>            \r\n<td>                \r\n<p>                    Contrasena</p>\r\n            </td>            \r\n<td>                \r\n<p>                    {Password}</p>\r\n            </td>        </tr>        \r\n<tr>            \r\n<td colspan="2">                \r\n<p>                    Bienveniso a bordo!</p>\r\n            </td>        </tr>        \r\n<tr>            \r\n<td colspan="2">                \r\n<p>                    <strong>Porque pagar quando se puede &iexcl;{SITE_NAME}!</strong></p>\r\n            </td>        </tr>        \r\n<tr>            \r\n<td colspan="2">                \r\n<p>                    Gracias,</p>\r\n            </td>        </tr>        \r\n<tr>            \r\n<td colspan="2">                \r\n<p>                    {SITE_NAME} Tripulacion. | {SITE_URL}</p>\r\n            </td>        </tr>    </tbody></table>\r\n<p>    &nbsp;</p>', 'Bienvenido a ï¿½{SITE_NAME}! Su cuenta ha sido creada con ï¿½xito! '),
(131, 21, 6, '\r\n  \r\n<table border="0" cellpadding="0" cellspacing="0">        \r\n<tbody>            \r\n<tr>                \r\n<td colspan="2" style="width:576px;height:0px;">                    \r\n<p>                    Willkommen bei {SITE_NAME} Als Mitglied werden Sie die M&ouml;glichkeit, Artikel auf unserer Website, die Sie nicht mehr verwenden f&uuml;r und der Zugang zu unerw&uuml;nschten Elemente bereits von den Mitgliedern der {SITE_NAME} posted view post haben. Das Hauptziel der Website ist es, unseren Mitgliedern helfen loszuwerden ihre unerw&uuml;nschte Elemente und es ihnen erm&ouml;glichen, Waren, die sie ben&ouml;tigen, untereinander f&uuml;r einen kleinen Preis! Dies ist, indem die Anwender mit jedem anderen auf unserer Website f&uuml;r Gegenst&auml;nde, die sie brauchen zu verhandeln, in eine unterhaltsame und sichere Plattform durchgef&uuml;hrt. Bitte z&ouml;gern Sie nicht uns zu kontaktieren { SITE_EMAIL } mit Fragen, Anmerkungen oder Anregungen zu unserem einzigartigen Service. Nochmals vielen Dank f&uuml;r den Beitritt unserer Gemeinde und genie&szlig;en Sie Ihre Erfahrungen an {SITE_URL}. &nbsp;<br />                    <strong><u>Ihre Kontodaten wie folgt:</u></strong></p>\r\n                </td>        </tr>            \r\n<tr>                \r\n<td style="width:128px;height:0px;">                    \r\n<p>                    Benutzername</p>\r\n                </td>                \r\n<td style="width:448px;height:0px;">                    \r\n<p>                    {LoginName}</p>\r\n                </td>        </tr>            \r\n<tr>                \r\n<td style="width:128px;height:0px;">                    \r\n<p>                    Passwort</p>\r\n                </td>                \r\n<td style="width:448px;height:0px;">                    \r\n<p>                    {Password}</p>\r\n                </td>        </tr>            \r\n<tr>                \r\n<td colspan="2" style="width:576px;height:0px;">                    \r\n<p>                    Willkommen an Bord!</p>\r\n                </td>        </tr>            \r\n<tr>                \r\n<td colspan="2" style="width:576px;height:0px;">                    \r\n<p>                    <strong>Warum bezahlen? Wenn man {SITE_NAME}!</strong></p>\r\n                </td>        </tr>            \r\n<tr>                \r\n<td colspan="2" style="width:576px;height:0px;">                    \r\n<p>                    Vielen Dank</p>\r\n                </td>        </tr>            \r\n<tr>                \r\n<td colspan="2" style="width:576px;height:0px;">                    \r\n<p>                    {SITE_NAME} Crew.&nbsp;{SITE_URL}</p>\r\n                </td>        </tr>    </tbody></table>    \r\n<p>    &nbsp;</p>\r\n    \r\n\r\n', 'Willkommen {SITE_NAME}!Ihr Konto wurde erfolgreich erstellt!'),
(134, 24, 5, '<table border="0" cellpadding="4" cellspacing="0" width="586">    <colgroup>        <col>        <col>    </colgroup>    \r\n<tbody>        \r\n<tr>            \r\n<td>                \r\n<p>                    {comments}</p>\r\n            </td>            \r\n<td>                \r\n<p>                    &nbsp;</p>\r\n            </td>        </tr>        \r\n<tr>            \r\n<td colspan="2">                \r\n<p>                    Haga clic en la siguente direccion de internet o copie y pege la direccion en la casilla de direcciones del navegador</p>\r\n            </td>        </tr>        \r\n<tr>            \r\n<td colspan="2">                \r\n<p>                    Por favor visite{SITE_URL}</p>\r\n            </td>        </tr>        \r\n<tr>            \r\n<td>                \r\n<p>                    Gracias,</p>\r\n            </td>            \r\n<td>                \r\n<p>                    &nbsp;</p>\r\n            </td>        </tr>        \r\n<tr>            \r\n<td colspan="2">                \r\n<p>                    {SITE_NAME} Tripulacion | {SITE_URL}</p>\r\n            </td>        </tr>        \r\n<tr>            \r\n<td colspan="2">                \r\n<p>                    &nbsp;</p>\r\n            </td>        </tr>    </tbody></table>\r\n<p>    &nbsp;</p>', 'Yo recomiendo esto sitio!'),
(135, 24, 6, '\r\n<table border="0" cellpadding="0" cellspacing="0">      \r\n<tbody>          \r\n<tr>              \r\n<td style="width:231px;height:0px;">                  \r\n<p>                    {comments}</p>\r\n              </td>              \r\n<td style="width:341px;height:0px;">                  \r\n<p>                    &nbsp;</p>\r\n              </td>              \r\n<td style="width:3px;height:0px;">                  \r\n<p>                    &nbsp;</p>\r\n              </td>        </tr>          \r\n<tr>              \r\n<td style="width:231px;height:0px;">                  \r\n<p>                    Klicken Sie auf den folgenden Internet-Adresse oder Kopieren &amp; Einf&uuml;gen in die Adressleiste Ihres Browsers ein.</p>\r\n              </td>              \r\n<td style="width:341px;height:0px;">                  \r\n<p>                    &nbsp;</p>\r\n              </td>              \r\n<td style="width:3px;height:0px;">                  \r\n<p>                    &nbsp;</p>\r\n              </td>        </tr>          \r\n<tr>              \r\n<td style="width:231px;height:0px;">                  \r\n<p>                    Bitte besuchen Sie {SITE_URL}</p>\r\n              </td>              \r\n<td style="width:341px;height:0px;">                  \r\n<p>                    &nbsp;</p>\r\n              </td>              \r\n<td style="width:3px;height:0px;">                  \r\n<p>                    &nbsp;</p>\r\n              </td>        </tr>          \r\n<tr>              \r\n<td style="width:231px;height:0px;">                  \r\n<p>                    Vielen Dank</p>\r\n              </td>              \r\n<td style="width:341px;height:0px;">                  \r\n<p>                    &nbsp;</p>\r\n              </td>              \r\n<td style="width:3px;height:0px;">                  \r\n<p>                    &nbsp;</p>\r\n              </td>        </tr>          \r\n<tr>              \r\n<td colspan="3" style="width:576px;height:0px;">                  \r\n<p>                    Die {SITE_NAME} Crew | {SITE_URL}</p>\r\n              </td>        </tr>    </tbody></table>  \r\n<p>    &nbsp;</p>\r\n\r\n', 'Ich empfehle diese Seite!'),
(137, 25, 6, '\r\n<table border="0" cellpadding="0" cellspacing="0">      \r\n<tbody>          \r\n<tr>              \r\n<td colspan="3" style="width:576px;height:0px;">                  \r\n<p>                    Ein neues Element wurde in die Liste aufgenommen worden. Die Details der Artikel ist unten angegeben.</p>\r\n              </td>        </tr>          \r\n<tr>              \r\n<td style="width:362px;height:0px;">                  \r\n<p>                    Produkt abgerechnete Betrag</p>\r\n              </td>              \r\n<td style="width:211px;height:0px;">                  \r\n<p>                    {var_settle}</p>\r\n              </td>              \r\n<td style="width:3px;height:0px;">                  \r\n<p>                    &nbsp;</p>\r\n              </td>        </tr>          \r\n<tr>              \r\n<td style="width:362px;height:0px;">                  \r\n<p>                    Produkt Istmenge</p>\r\n              </td>              \r\n<td style="width:211px;height:0px;">                  \r\n<p>                    {var_actual}</p>\r\n              </td>              \r\n<td style="width:3px;height:0px;">                  \r\n<p>                    &nbsp;</p>\r\n              </td>        </tr>          \r\n<tr>              \r\n<td style="width:362px;height:0px;">                  \r\n<p>                    Escrow Kommission</p>\r\n              </td>              \r\n<td style="width:211px;height:0px;">                  \r\n<p>                    {var_comm}</p>\r\n              </td>              \r\n<td style="width:3px;height:0px;">                  \r\n<p>                    &nbsp;</p>\r\n              </td>        </tr>          \r\n<tr>              \r\n<td style="width:362px;height:0px;">                  \r\n<p>                    Zahlungsweise</p>\r\n              </td>              \r\n<td style="width:211px;height:0px;">                  \r\n<p>                    {var_mode}</p>\r\n              </td>              \r\n<td style="width:3px;height:0px;">                  \r\n<p>                    &nbsp;</p>\r\n              </td>        </tr>          \r\n<tr>              \r\n<td colspan="3" style="width:576px;height:0px;">                  \r\n<p>                    Die {SITE_NAME} Crew | {SITE_URL}</p>\r\n              </td>        </tr>    </tbody></table>  \r\n<p>    &nbsp;</p>\r\n\r\n', 'Ihre Hï¿½he ist von admin wurde am {SITE_NAME} nieder'),
(145, 29, 6, '\r\n      \r\n<table border="0" cellpadding="0" cellspacing="0">          \r\n<tbody>              \r\n<tr>                  \r\n<td colspan="2" style="width:576px;height:0px;">                      \r\n<p>                    Danke f&uuml;r den Kauf {point_name} mit {payment_type}. Ihr Konto ist mit {point_val} nachgef&uuml;llt. Bitte benutzen Sie diese Punkte zu verkaufen, tauschen, kaufen Artikel in {SITE_NAME}</p>\r\n                  </td>        </tr>              \r\n<tr>                  \r\n<td style="width:161px;height:0px;">                      \r\n<p>                    Benutzername</p>\r\n                  </td>                  \r\n<td style="width:415px;height:0px;">                      \r\n<p>                    {guserFName}</p>\r\n                  </td>        </tr>              \r\n<tr>                  \r\n<td style="width:161px;height:0px;">                      \r\n<p>                    Zahlungsmethode</p>\r\n                  </td>                  \r\n<td style="width:415px;height:0px;">                      \r\n<p>                    {payment_type}</p>\r\n                  </td>        </tr>              \r\n<tr>                  \r\n<td style="width:161px;height:0px;">                      \r\n<p>                    Zahltag</p>\r\n                  </td>                  \r\n<td style="width:415px;height:0px;">                      \r\n<p>                    {date}</p>\r\n                  </td>        </tr>              \r\n<tr>                  \r\n<td style="width:161px;height:0px;">                      \r\n<p>                    Gesamtbetrag</p>\r\n                  </td>                  \r\n<td style="width:415px;height:0px;">                      \r\n<p>                    {sess_PointAmount}</p>\r\n                  </td>        </tr>              \r\n<tr>                  \r\n<td colspan="2" style="width:576px;height:0px;">                      \r\n<p>                    Vielen Dank</p>\r\n                  </td>        </tr>              \r\n<tr>                  \r\n<td colspan="2" style="width:576px;height:0px;">                      \r\n<p>                    {SITE_NAME} Crew.&nbsp;{SITE_URL}</p>\r\n                  </td>        </tr>    </tbody></table>      \r\n<p>    &nbsp;</p>\r\n          \r\n\r\n', '{POINT_NAME} gekauft Details'),
(147, 30, 6, '\r\n<table border="0" cellpadding="0" cellspacing="0">      \r\n<tbody>          \r\n<tr>              \r\n<td colspan="2" style="width:576px;height:0px;">                  \r\n<p>                    Danke &nbsp; zahlen &nbsp; Transaktion. &nbsp;Ihre &nbsp; Punkte &nbsp; hat &nbsp; worden, um Ihren hinzu &nbsp; Konto</p>\r\n              </td>        </tr>          \r\n<tr>              \r\n<td style="width:161px;height:0px;">                  \r\n<p>                    Benutzername<br />                    &nbsp;</p>\r\n              </td>              \r\n<td style="width:415px;height:0px;">                  \r\n<p>                    {guserFName}</p>\r\n              </td>        </tr>          \r\n<tr>              \r\n<td style="width:161px;height:0px;">                  \r\n<p>                    Zahlungsmethode<br />                    &nbsp;</p>\r\n              </td>              \r\n<td style="width:415px;height:0px;">                  \r\n<p>                    {payment_type}</p>\r\n              </td>        </tr>          \r\n<tr>              \r\n<td style="width:161px;height:0px;">                  \r\n<p>                    Datum der Transaktion<br />                    &nbsp;</p>\r\n              </td>              \r\n<td style="width:415px;height:0px;">                  \r\n<p>                    {date}</p>\r\n              </td>        </tr>          \r\n<tr>              \r\n<td style="width:161px;height:0px;">                  \r\n<p>                    Ttal Amount<br />                    &nbsp;</p>\r\n              </td>              \r\n<td style="width:415px;height:0px;">                  \r\n<p>                    {sess_PointAmount}</p>\r\n              </td>        </tr>          \r\n<tr>              \r\n<td colspan="2" style="width:576px;height:0px;">                  \r\n<p>                    Vielen Dank</p>\r\n              </td>        </tr>          \r\n<tr>              \r\n<td colspan="2" style="width:576px;height:0px;">                  \r\n<p>                    {SITE_NAME} Crew | {SITE_URL}</p>\r\n              </td>        </tr>    </tbody></table>  \r\n<p>    &nbsp;</p>\r\n\r\n', '{POINT_NAME} gekauft Details'),
(149, 32, 6, '\r\n  \r\n<table border="0" cellpadding="0" cellspacing="0">        \r\n<tbody>            \r\n<tr>                \r\n<td colspan="2" style="width:576px;height:0px;">                    \r\n<p>                    Willkommen bei {SITE_NAME} Als Mitglied werden Sie die M&ouml;glichkeit, Artikel auf unserer Website, die Sie nicht mehr verwenden f&uuml;r und der Zugang zu unerw&uuml;nschten Elemente bereits von den Mitgliedern der {SITE_NAME} posted view post haben. Das Hauptziel der Website ist es, unseren Mitgliedern helfen loszuwerden ihre unerw&uuml;nschte Elemente und es ihnen erm&ouml;glichen, Waren, die sie ben&ouml;tigen, untereinander f&uuml;r einen kleinen Preis! Dies ist, indem die Anwender mit jedem anderen auf unserer Website f&uuml;r Gegenst&auml;nde, die sie brauchen zu verhandeln, in eine unterhaltsame und sichere Plattform durchgef&uuml;hrt. Bitte z&ouml;gern Sie nicht uns zu kontaktieren {SITE_EMAIL} mit Fragen, Anmerkungen oder Anregungen zu unserem einzigartigen Service. Nochmals vielen Dank f&uuml;r den Beitritt unserer Gemeinde und genie&szlig;en Sie Ihre Erfahrungen an {SITE_URL}. &nbsp;<br />                    <strong><u>Ihre Kontodaten wie folgt:</u></strong></p>\r\n                </td>        </tr>            \r\n<tr>                \r\n<td style="width:128px;height:0px;">                    \r\n<p>                    Benutzername</p>\r\n                </td>                \r\n<td style="width:448px;height:0px;">                    \r\n<p>                    {LoginName}</p>\r\n                </td>        </tr>            \r\n<tr>                \r\n<td style="width:128px;height:0px;">                    \r\n<p>                    Passwort</p>\r\n                </td>                \r\n<td style="width:448px;height:0px;">                    \r\n<p>                    {Password}</p>\r\n                </td>        </tr>            \r\n<tr>                \r\n<td colspan="2" style="width:576px;height:0px;">                    \r\n<p>                    <strong><u>Klicken Sie auf den folgenden Link, um Ihr Konto zu aktivieren:</u></strong></p>\r\n                </td>        </tr>            \r\n<tr>                \r\n<td colspan="2" style="width:576px;height:0px;">                    \r\n<p>                    {activate_link}</p>\r\n                </td>        </tr>            \r\n<tr>                \r\n<td colspan="2" style="width:576px;height:0px;">                    \r\n<p>                    Willkommen an Bord!</p>\r\n                </td>        </tr>            \r\n<tr>                \r\n<td colspan="2" style="width:576px;height:0px;">                    \r\n<p>                    <strong>Warum bezahlen? Wenn man {SITE_NAME}!</strong></p>\r\n                </td>        </tr>            \r\n<tr>                \r\n<td colspan="2" style="width:576px;height:0px;">                    \r\n<p>                    Vielen Dank</p>\r\n                </td>        </tr>            \r\n<tr>                \r\n<td colspan="2" style="width:576px;height:0px;">                    \r\n<p>                    {SITE_NAME} Crew.&nbsp;{SITE_URL}</p>\r\n                </td>        </tr>    </tbody></table>    \r\n<p>    &nbsp;</p>\r\n    \r\n\r\n', 'Willkommen {SITE_NAME}!Ihr Konto wurde erfolgreich erstellt!'),
(151, 33, 6, '\r\n              \r\n<table border="0" cellpadding="0" cellspacing="0">              \r\n<tbody>                  \r\n<tr>                      \r\n<td colspan="3" style="width:576px;height:0px;">                          \r\n<p>                    Ein neuer Benutzer hat mit {SITE_NAME} registriert. Da unten sind seine Angaben:</p>\r\n                      </td>        </tr>                  \r\n<tr>                      \r\n<td style="width:137px;height:0px;">                          \r\n<p>                    Benutzername</p>\r\n                      </td>                      \r\n<td style="width:436px;height:0px;">                          \r\n<p>                    {var_login_name}</p>\r\n                      </td>                      \r\n<td style="width:3px;height:0px;">                          \r\n<p>                    &nbsp;</p>\r\n                      </td>        </tr>                                  \r\n<tr>                      \r\n<td style="width:137px;height:0px;">                          \r\n<p>                    E-Mail</p>\r\n                      </td>                      \r\n<td style="width:436px;height:0px;">                          \r\n<p>                    {var_email}</p>\r\n                      </td>                      \r\n<td style="width:3px;height:0px;">                          \r\n<p>                    &nbsp;</p>\r\n                      </td>        </tr>                  \r\n<tr>                      \r\n<td colspan="3" style="width:576px;height:0px;">                          \r\n<p>                    Vielen Dank</p>\r\n                      </td>        </tr>                  \r\n<tr>                      \r\n<td colspan="3" style="width:576px;height:0px;">                          \r\n<p>                    {SITE_NAME} Crew. {SITE_URL}</p>\r\n                      </td>        </tr>    </tbody></table>          \r\n<p>    &nbsp;</p>\r\n                      \r\n\r\n', 'New Registration mit {SITE_NAME}!'),
(154, 41, 5, '<p>    Uno de los articulos se ha vedido en <strong>{SITE_NAME}</strong><br />    <br />    Nombre del articulo&nbsp; :&nbsp; {var_title}<br />    Precio&nbsp;&nbsp;&nbsp;&nbsp;&nbsp;&nbsp;&nbsp;&nbsp;&nbsp;&nbsp;&nbsp;&nbsp;&nbsp;&nbsp;&nbsp;&nbsp;&nbsp;&nbsp;&nbsp;&nbsp;&nbsp;&nbsp;&nbsp;&nbsp; :&nbsp; {var_amount}<br />    Vendedor&nbsp;&nbsp;&nbsp;&nbsp;&nbsp;&nbsp;&nbsp;&nbsp;&nbsp;&nbsp;&nbsp;&nbsp;&nbsp;&nbsp;&nbsp;&nbsp;&nbsp;&nbsp; :&nbsp; {sellerName}<br />    Comprador&nbsp;&nbsp;&nbsp;&nbsp;&nbsp;&nbsp;&nbsp;&nbsp;&nbsp;&nbsp;&nbsp;&nbsp;&nbsp;&nbsp;&nbsp; :&nbsp;&nbsp;{buyerName}<br />    <br />    Gracias,<br />    {SITE_NAME} Tripulacion | {SITE_URL}</p>\r\n<p>    &nbsp;</p>\r\n<p>    &nbsp;</p>', 'Uno de los articulos se ha vendido en {SITE_NAME}'),
(155, 41, 6, '\r\n<p>    Eines der Produkte ist in der {SITE_NAME} verkauft<br />    <br />    Produktname: {var_title}<br />    Preis &nbsp;&nbsp;&nbsp;&nbsp;&nbsp;&nbsp;&nbsp;&nbsp;&nbsp;&nbsp;&nbsp;&nbsp;&nbsp;&nbsp;&nbsp; : {var_amount}<br />    Verk&auml;ufer &nbsp;&nbsp;&nbsp;&nbsp;&nbsp;&nbsp;&nbsp;&nbsp;&nbsp;&nbsp;&nbsp;&nbsp;&nbsp;&nbsp; : {sellerName}<br />    K&auml;ufer &nbsp;&nbsp;&nbsp;&nbsp;&nbsp;&nbsp;&nbsp;&nbsp;&nbsp;&nbsp;&nbsp;&nbsp;&nbsp; : &nbsp;&nbsp; {buyerName}<br />    <br />    Danke!<br />    {SITE_NAME} Crew | {SITE_URL}</p>\r\n\r\n', 'Einer der Artikel ist leider ausverkauft   in {SITE_NAME}'),
(156, 40, 5, '<p>    Su pago mensual en {SITE_NAME} esta recibido. Los detalles de los pagos se puede ver a continuaccion<br />    Cantidad pagada : {amountPaid}<br />    Fecha de pago : {dop}<br />    <br />    Gracias,</p>\r\n<p>    &nbsp;</p>\r\n<p>    {SITE_NAME} Tripulacion | {SITE_URL}</p>', 'Pago mensual en {SITE_NAME}: '),
(157, 40, 6, '\r\n<p>    Die folgenden Benutzer hat die monatliche Zahlung in {SITE_NAME} gemacht<br />    <br />    Benutzername: {username}<br />    Amount Paid: {amountPaid}<br />    Datum der Zahlung: {dop}<br />    <br />    Vielen Dank<br />    <br />    {SITE_NAME} Crew | {SITE_URL}</p>\r\n\r\n', 'monatliche Zahlung in {SITE_NAME}'),
(158, 39, 5, '<p>    Su pago mensual en {SITE_NAME} esta recibido. Los detalles de los pagos se puede ver a continuaccion<br />    Cantidad pagada : {amountPaid}<br />    Fecha de pago : {dop}<br />    <br />    Gracias,</p>\r\n<p>    &nbsp;</p>\r\n<p>    {SITE_NAME} Tripulacion | {SITE_URL}</p>', 'Pago mensual {SITE_NAME}'),
(159, 39, 6, '\r\n  \r\n<p>    Ihre monatliche Zahlung in {SITE_NAME} ist der Erfolg voll. Die Zahlungen Details sind unten:<br />    <br />    Amount Paid: {amountPaid}<br />    Datum der Zahlung: {dop}<br />    <br />    Vielen Dank<br />    {SITE_NAME} Crew.&nbsp;{SITE_URL}</p>\r\n    \r\n\r\n', 'monatliche Zahlung in {SITE_NAME}'),
(160, 38, 5, '<p>    Su pago mensual en {SITE_NAME} esta recibido. Los detalles de los pagos se puede ver a continuaccion<br />    Cantidad pagada : {amountPaid}<br />    Fecha de pago : {dop}<br />    <br />    Gracias,<br />    {SITE_NAME} Tripulacion. | {SITE_URL}</p>', 'Pago mensual {SITE_NAME}'),
(161, 38, 6, '\r\n      Bitte stellen Sie Ihre monatliche Zahlung in {SITE_NAME}<br /><br />Benutzername&nbsp;&nbsp;&nbsp;&nbsp;&nbsp;&nbsp;&nbsp;&nbsp;   : {LoginName}<br />Zu zahlender Betrag&nbsp;&nbsp; :   {amountToPay}<br /><br />Klicken Sie auf den untenstehenden Link, um den Betrag zu zahlen:<br />{payNow}<br /><br />Thank You,<br /><br />{SITE_NAME} Crew | {SITE_URL}<br /><br />              \r\n\r\n', 'Monatliche Zahlung in {SITE_NAME}'),
(162, 36, 5, '<table border="0" cellpadding="4" cellspacing="0" width="586">    <colgroup>        <col>        <col>    </colgroup>    \r\n<tbody>        \r\n<tr>            \r\n<td colspan="2">                \r\n<p>                    Gracias por usar {SITE_NAME}. Su transaccion ha sido completada y nos pondremos en contacto con usted tan pronto como el administrador acepta el pago</p>\r\n            </td>        </tr>        \r\n<tr>            \r\n<td colspan="2">                \r\n<p>                    Usted puede visitar el resumen de cuenta para ver los detalle de esta transaccion</p>\r\n            </td>        </tr>        \r\n<tr>            \r\n<td>                \r\n<p>                    Nombre del articulo</p>\r\n            </td>            \r\n<td>                \r\n<p>                    {var_title}</p>\r\n            </td>        </tr>        \r\n<tr>            \r\n<td>                \r\n<p>                    La candidad de articulo</p>\r\n            </td>            \r\n<td>                \r\n<p>                    {var_amount}</p>\r\n            </td>        </tr>        \r\n<tr>            \r\n<td>                \r\n<p>                    Cantidad</p>\r\n            </td>            \r\n<td>                \r\n<p>                    {var_quantity}</p>\r\n            </td>        </tr>        \r\n<tr>            \r\n<td>                \r\n<p>                    Identificaccion de la transaccion</p>\r\n            </td>            \r\n<td>                \r\n<p>                    {txnid}</p>\r\n            </td>        </tr>        \r\n<tr>            \r\n<td colspan="2">                \r\n<p>                    El {SITE_NAME} Tripulacion | {SITE_URL}</p>\r\n            </td>        </tr>    </tbody></table>\r\n<p>    &nbsp;</p>', 'Informacion sobre su compra en {SITE_NAME}'),
(163, 36, 6, '\r\n  \r\n<table border="0" cellpadding="0" cellspacing="0">        \r\n<tbody>            \r\n<tr>                \r\n<td colspan="3" style="width:576px;height:0px;">                    \r\n<p>                    Vielen Dank f&uuml;r Ihr {SITE_NAME} Ihre Transaktion wurde abgeschlossen und wir, wir werden uns umgehend mit Ihnen so schnell wie der Administrator die Zahlung akzeptiert.</p>\r\n                </td>        </tr>            \r\n<tr>                \r\n<td colspan="3" style="width:576px;height:0px;">                    \r\n<p>                    Vielleicht besuchen Sie die {Account Summary}, um Details zu dieser Transaktion anzuzeigen.</p>\r\n                </td>        </tr>            \r\n<tr>                \r\n<td style="width:125px;height:0px;">                    \r\n<p>                    Artikel Name</p>\r\n                </td>                \r\n<td style="width:447px;height:0px;">                    \r\n<p>                    {var_title}</p>\r\n                </td>                \r\n<td style="width:3px;height:0px;">                    \r\n<p>                    &nbsp;</p>\r\n                </td>        </tr>            \r\n<tr>                \r\n<td style="width:125px;height:0px;">                    \r\n<p>                    Produkt Anzahl</p>\r\n                </td>                \r\n<td style="width:447px;height:0px;">                    \r\n<p>                    {var_amount}</p>\r\n                </td>                \r\n<td style="width:3px;height:0px;">                    \r\n<p>                    &nbsp;</p>\r\n                </td>        </tr>            \r\n<tr>                \r\n<td style="width:125px;height:0px;">                    \r\n<p>                    Menge</p>\r\n                </td>                \r\n<td style="width:447px;height:0px;">                    \r\n<p>                    {var_quantity}</p>\r\n                </td>                \r\n<td style="width:3px;height:0px;">                    \r\n<p>                    &nbsp;</p>\r\n                </td>        </tr>            \r\n<tr>                \r\n<td style="width:125px;height:0px;">                    \r\n<p>                    Transaktions-ID:</p>\r\n                </td>                \r\n<td style="width:447px;height:0px;">                    \r\n<p>                    {txnid}</p>\r\n                </td>                \r\n<td style="width:3px;height:0px;">                    \r\n<p>                    &nbsp;</p>\r\n                </td>        </tr>            \r\n<tr>                \r\n<td colspan="3" style="width:576px;height:0px;">                    \r\n<p>                    Die {SITE_NAME} Crew | {SITE_URL}</p>\r\n                </td>        </tr>    </tbody></table>    \r\n<p>    &nbsp;</p>\r\n    \r\n\r\n', 'Ihre Informationen zum Kauf an {SITE_NAME}'),
(165, 35, 6, '\r\n<table border="0" cellpadding="0" cellspacing="0">      \r\n<tbody>          \r\n<tr>              \r\n<td colspan="2" style="width:576px;height:0px;">                  \r\n<p>                    Die folgenden Benutzer wurde Punkte in {SITE_NAME} gekauft</p>\r\n              </td>        </tr>          \r\n<tr>              \r\n<td style="width:161px;height:0px;">                  \r\n<p>                    Benutzername</p>\r\n              </td>              \r\n<td style="width:415px;height:0px;">                  \r\n<p>                    &nbsp; {guserFName}</p>\r\n              </td>        </tr>          \r\n<tr>              \r\n<td style="width:161px;height:0px;">                  \r\n<p>                    Zahlungsmethode<br />                    &nbsp;</p>\r\n              </td>              \r\n<td style="width:415px;height:0px;">                  \r\n<p>                    {payment_type}</p>\r\n              </td>        </tr>          \r\n<tr>              \r\n<td style="width:161px;height:0px;">                  \r\n<p>                    Datum der Transaktion<br />                    &nbsp;</p>\r\n              </td>              \r\n<td style="width:415px;height:0px;">                  \r\n<p>                    {date}</p>\r\n              </td>        </tr>          \r\n<tr>              \r\n<td style="width:161px;height:0px;">                  \r\n<p>                    Gesamtbetrag<br />                    &nbsp;</p>\r\n              </td>              \r\n<td style="width:415px;height:0px;">                  \r\n<p>                    {sess_PointAmount}</p>\r\n              </td>        </tr>          \r\n<tr>              \r\n<td colspan="2" style="width:576px;height:0px;">                  \r\n<p>                    Vielen Dank</p>\r\n              </td>        </tr>          \r\n<tr>              \r\n<td colspan="2" style="width:576px;height:0px;">                  \r\n<p>                    {SITE_NAME} Crew | {SITE_URL}</p>\r\n              </td>        </tr>    </tbody></table>  \r\n<p>    &nbsp;</p>\r\n\r\n', 'New {POINT_NAME} gekauft Details');

--
-- Dumping data for table `eswap_faq`
--

INSERT INTO `eswap_faq` (`nFId`, `nPosition`, `vActive`) VALUES
(1, 1, '1'),
(2, 2, '1'),
(3, 3, '1'),
(4, 4, '1'),
(5, 5, '1'),
(6, 6, '1');

--
-- Dumping data for table `eswap_faq_lang`
--

INSERT INTO `eswap_faq_lang` (`faq_lang_id`, `faq_id`, `lang_id`, `vTitle`, `vDes`) VALUES
(1, 1, 1, 'What is this site about?', 'This site is an online exchange service where you can access details about unwanted or surplus items and view requests for wanted goods. Its main aim is to help you to get rid of your unwanted items or enable you to find goods that others no longer need at no cost.\r\n\r\nThis site is a complete swap site that allows you to swap items with, or sell items to, other internet users. It allows you to search or browse for specific items offered for swap or sale. You can swap any unwanted items from your home or business to others who may have use for them. You can also post for items you wish.\r\n\r\nSearch/browse through the extensive list of categories, find items that may be useful for you, make offers, wait for the other party to respond by accepting or rejecting your offer, add comments, swap and enjoy!\r\n\r\nThus with the minimum effort, you can swap, sell or buy stuff from other people via the internet.\r\n'),
(2, 2, 1, 'Why use this site?', 'You may have items which you may no longer need, wasting your household space and things you might be thinking of how to get rid of. Why throw to the recycle bin, there may be somebody who is in need of it very badly. This site is useful for swapping stuff you don''t want, or simply sell it to someone who does want it!\r\n\r\nYou are not committed to anything until both you and a second party (ie the other swapper/buyer) agree to proceed with the deal - you can withdraw an item at any time right up to this point without obligation or commitment.\r\n\r\nWhy Register with this site?\r\n\r\nIn order to sell and leave postings we need you to complete the short registration form. The information collected by this site will solely be used for activities that accommodate the swapping, bartering or sale of items between users of the site.\r\n\r\nWhilst you can search and browse without registering, if you want to swap, buy or sell, you will need to register.'),
(3, 3, 1, 'How do I create a listing?', 'In order to create a listing, you must first be a registered user. After you register and log in, you will notice Add Sale/ Add Swap/ Add Wish links in the ''My Booth'' section. Click on the appropriate link and enter all the information to create your listing.\r\n\r\n\r\n\r\nWhat types of files can I upload as an image for my listing?\r\n\r\nWe recommend uploading a gif or a jpeg when posting a picture. These file types are usually small and will work with our system quite well.\r\n\r\n\r\nDo I have any obligations?\r\n\r\nYour obligations are set out in the site''s Terms and Conditions which you have read as part of your registration.\r\n\r\nIn brief, the items offered must be legal and non-offensive to even a small number of people, and must be your property to offer.\r\n\r\nYou have no obligation to complete a swap or sale unless both you and another party have confirmed you want to go ahead with the deal, at which point you both MUST proceed. Otherwise, you can withdraw from a deal at any time up to this point.\r\n'),
(4, 4, 1, 'How can I contact a user about an item I''m interested in?', 'In order to contact a user about an item, you must first be a registered user. After you register and log in, select the item you are interested in and click on it. You will then notice a link in the listing that says "Make Offer" Click on this link, enter the details of your offer and the comments/message to the user. Please note that making an offer is the first step to go ahead with the deal.'),
(5, 5, 1, 'What happens when a swap/sale is confirmed?', 'When both the parties confirm for the swap/sale this site gives you away the contact details of the other party, and the deal should be handled (ship goods, verify etc) external to the system.'),
(6, 6, 1, 'What is your policy on spam?', 'We are proud to have a strict policy against unsolicited bulk e-mail and against sharing e-mail addresses with third parties. \r\n'),
(27, 6, 5, 'ï¿½Cuï¿½l es suï¿½polï¿½tica sobreï¿½spam? ', 'Estamos orgullosos de tener una polï¿½tica estricta contra masivo no solicitado de correo electrï¿½nico y en contra de compartir direcciones de correo electrï¿½nico con terceros.\r\n'),
(26, 6, 2, 'Quelle est votre politiqueï¿½en matiï¿½re de spam? ', 'Nous sommes fiers d''avoir une politique stricte contre courrier ï¿½lectronique non sollicitï¿½ en vrac et contre le partage adresses e-mail ï¿½ des tiers.\r\n'),
(34, 4, 6, 'Wie kannï¿½ich mich wenden,ï¿½einen Benutzerï¿½zu einem Artikelï¿½die ich mich interessiere? ', 'Um einen Benutzer zu einem Artikel wenden, mï¿½ssen Sie zunï¿½chst ein registrierter Benutzer sein. Nach der Registrierung und Log-in, wï¿½hlen Sie das Element, das Sie sich interessieren, und klicken Sie darauf. Sie werden dann feststellen einen Link in der Liste, die "Make-Angebot" Klicken Sie auf diesen Link, geben Sie die Details Ihres Angebotes und die Kommentare / Nachricht an den Benutzer sagt. Bitte beachten Sie, dass Sie ein Angebot ist der erste Schritt zur Weiterarbeit an den Deal.\r\n'),
(35, 3, 2, 'Comment puis-jeï¿½crï¿½er uneï¿½annonce? ', '"Afin de crï¿½er une liste, vous devez d''abord ï¿½tre un utilisateur enregistrï¿½. Aprï¿½s vous ï¿½tre enregistrï¿½ et connectï¿½, vous verrez Ajouter vente / Ajouter Swap / Ajouter souhaits des liens dans la sectionï¿½ Mon Booth ï¿½. Cliquez sur le lien appropriï¿½ et entrez toutes les informations pour crï¿½er votre annonce.\r\n\r\n\r\n\r\nQuels types de fichiers puis-je tï¿½lï¿½charger une image pour que mon annonce?\r\n\r\nNous vous recommandons de tï¿½lï¿½charger une GIF ou JPEG lors de la publication d''une image. Ces types de fichiers sont gï¿½nï¿½ralement de petite taille et il travaillera avec notre systï¿½me assez bien.\r\n\r\n\r\nAi-je des obligations?\r\n\r\nVos obligations sont ï¿½noncï¿½es dans les modalitï¿½s du site et les conditions que vous avez lu dans le cadre de votre inscription.\r\n\r\nEn bref, les articles proposï¿½s doivent ï¿½tre lï¿½gaux et non offensive, mï¿½me pour un petit nombre de personnes, et doit ï¿½tre votre propriï¿½tï¿½ ï¿½ vous offrir.\r\n\r\nVous n''avez aucune obligation de remplir un swap ou vente, sauf si vous et une autre partie ont confirmï¿½ que vous voulez aller de l''avant avec la transaction, ï¿½ quel point vous les deux doivent procï¿½der. Sinon, vous pouvez retirer d''un accord ï¿½ tout moment jusqu''ï¿½ ce point."\r\n'),
(33, 4, 5, 'ï¿½Cï¿½mo puedo contactarï¿½a un usuario sobreï¿½un temaï¿½que me interesa? ', 'Con el fin de contactar a un usuario sobre un elemento, primero debe ser un usuario registrado. Despuï¿½s de registrarse y conectarse, seleccione el elemento que estï¿½ interesado y haga clic en ï¿½l. A continuaciï¿½n, se darï¿½ cuenta de un enlace en la lista que dice: "Hacer oferta" Haga clic en este enlace, entrar en los detalles de su oferta y los comentarios de los / mensaje al usuario. Tenga en cuenta que hacer una oferta es el primer paso para seguir adelante con el acuerdo.\r\n'),
(28, 6, 6, 'Was ist Ihreï¿½Politik aufï¿½Spam? ', 'Wir sind stolz darauf, eine strikte Politik gegen unerwï¿½nschte Massen-E-Mail und gegen Freigabe-E-Mail-Adressen mit Dritten haben.\r\n'),
(29, 5, 2, 'Qu''est-ceï¿½qui se passe quandï¿½un ï¿½changeï¿½/ venteï¿½est confirmï¿½e? ', 'Lorsque les deux parties confirment pour le swap / vente sur ce site vous donne de suite les coordonnï¿½es de l''autre partie, et l''affaire devrait ï¿½tre traitï¿½e (expï¿½dier des marchandises, vï¿½rifier etc) extï¿½rieurs au systï¿½me.\r\n'),
(30, 5, 5, 'ï¿½Quï¿½ sucede cuandoï¿½un canjeï¿½/ï¿½ventaï¿½estï¿½ confirmada? ', 'Cuando ambas partes confirman para el canje / venta este sitio usted regala los datos de contacto de la otra parte, y el acuerdo debe ser manejado (envï¿½o de mercancï¿½as, verificar, etc) fuera del sistema.\r\n'),
(31, 5, 6, 'Was passiert, wennï¿½eine Swapï¿½/ Verkaufï¿½bestï¿½tigt wurde? ', 'Wenn beide Parteien fï¿½r die swap / Verkauf bestï¿½tigen diese Seite erhalten Sie weg die Kontaktdaten der anderen Partei, und der Deal verarbeitet werden (Schiff Gï¿½ter, ï¿½berprï¿½fen usw.) auï¿½erhalb des Systems werden.\r\n'),
(32, 4, 2, 'Comment puis-jeï¿½contacter un utilisateurï¿½sur un ï¿½lï¿½mentï¿½que jeï¿½suis intï¿½ressï¿½? ', 'Pour contacter un utilisateur sur un ï¿½lï¿½ment, vous devez d''abord ï¿½tre un utilisateur enregistrï¿½. Aprï¿½s votre inscription et vous connecter, sï¿½lectionnez l''ï¿½lï¿½ment que vous intï¿½resse et cliquez dessus. Vous remarquerez alors un lien dans la liste qui dit: "Faire une offreï¿½ Cliquez sur ce lien, entrez les dï¿½tails de votre offre et les commentaires / message ï¿½ l''utilisateur. S''il vous plaï¿½t noter que de faire une offre est la premiï¿½re ï¿½tape pour aller de l''avant avec la transaction.\r\n'),
(36, 3, 5, 'ï¿½Cï¿½mo puedo crearï¿½una lista? ', '"Con el fin de crear una lista, primero debe ser un usuario registrado. Despuï¿½s de registrarse y entrar, te darï¿½s cuenta de Aï¿½adir Venta / Intercambio Aï¿½adir / Agregar deseo enlaces en la secciï¿½n"" Mi Booth. Haga clic en el enlace correspondiente e introduzca toda la informaciï¿½n para crear su anuncio.\r\n\r\n\r\n\r\nï¿½Quï¿½ tipos de archivos puedo subir como una imagen de mi empresa?\r\n\r\nLe recomendamos cargar un gif o jpeg uno al publicar una foto. Estos tipos de archivos suelen ser pequeï¿½os y trabajar con nuestro sistema bastante bien.\r\n\r\n\r\nï¿½Tengo alguna obligaciï¿½n?\r\n\r\nSus obligaciones se establecen en los Tï¿½rminos y Condiciones del sitio que usted ha leï¿½do como parte de su registro.\r\n\r\nEn resumen, los artï¿½culos que se ofrecen deben ser legales y no ofensivo incluso a un pequeï¿½o nï¿½mero de personas, y debe ser de su propiedad para ofrecer.\r\n\r\nUsted no tiene obligaciï¿½n de completar un canje o venta, a menos que tanto usted y otra parte han confirmado que desea seguir adelante con la oferta, momento en el que ambos deben continuar. De lo contrario, usted puede retirar de un acuerdo en cualquier momento, hasta el momento."\r\n'),
(37, 3, 6, 'Wie erstelle ichï¿½eine Liste? ', '"Um eine Liste zu erstellen, mï¿½ssen Sie zunï¿½chst ein registrierter Benutzer sein. Nach der Registrierung und Log-in, werden Sie feststellen, Add Verkauf / Add Swap / hinzufï¿½gen mï¿½chten Links in"" Mein Booth ''Abschnitt. Klicken Sie auf den entsprechenden Link und geben Sie alle Informationen, um Ihren Eintrag zu erstellen.\r\n\r\n\r\n\r\nWelche Arten von Dateien kann ich als ein Bild fï¿½r meinen Eintrag hochladen?\r\n\r\nWir empfehlen das Hochladen eines GIF-oder JPEG, wenn Ihr einen Bild. Diese Dateitypen sind meist klein und werden mit unserem System ganz gut zu funktionieren.\r\n\r\n\r\nHabe ich irgendwelche Verpflichtungen?\r\n\r\nIhre Verpflichtungen sind in den Allgemeinen Geschï¿½ftsbedingungen, die Sie im Rahmen Ihrer Registrierung lesen gesetzt haben.\r\n\r\nKurz gesagt, mï¿½ssen die angebotenen Artikel werden rechtliche und nicht-Offensive, um eine kleine Zahl von Menschen auch, und mï¿½ssen Ihre Immobilie anbieten zu kï¿½nnen.\r\n\r\nSie haben keine Verpflichtung, eine Swap-oder Verkauf vollstï¿½ndig, wenn Sie und eine andere Partei bestï¿½tigt haben mï¿½chten gehen Sie vor mit dem beschï¿½ftigen, an welcher Stelle Sie beide zu verfahren. Andernfalls kï¿½nnen Sie aus einem Deal jederzeit bis zu diesem Zeitpunkt zurï¿½cktreten."\r\n'),
(38, 2, 2, 'Pourquoi utiliser ce site? ', '"Vous pouvez avoir des ï¿½lï¿½ments qui vous n''avez plus besoin, de gaspiller votre espace domestique et les choses que vous pourriez penser de la faï¿½on de s''en dï¿½barrasser. Pourquoi jeter ï¿½ la corbeille, il peut y avoir quelqu''un qui a besoin d''elle trï¿½s mal. Cette site est utile pour ï¿½changer trucs que vous ne voulez pas, ou simplement le vendre ï¿½ quelqu''un qui ne le souhaitez!\r\n\r\nVous n''ï¿½tes pas engagï¿½ ï¿½ rien jusqu''ï¿½ ce que vous et une deuxiï¿½me partie (ie la swapper d''autres / acheteur) d''accord pour procï¿½der ï¿½ la transaction - vous pouvez retirer un ï¿½lï¿½ment, ï¿½ tout moment jusqu''ï¿½ ce point sans obligation ni engagement.\r\n\r\nPourquoi s''inscrire sur ce site?\r\n\r\nDans le but de vendre et de laisser affichages nous avons besoin que vous pour complï¿½ter le court formulaire d''inscription. Les informations collectï¿½es par ce site sera uniquement utilisï¿½ pour des activitï¿½s qui peuvent accueillir l''ï¿½change, le troc ou la vente d''articles entre les utilisateurs du site.\r\n\r\nTandis que vous pouvez rechercher et de naviguer sans enregistrement, si vous voulez ï¿½changer, acheter ou vendre, vous devez vous inscrire."\r\n'),
(39, 2, 5, 'ï¿½Por quï¿½ usarï¿½este sitio? ', '"Es posible que haya artï¿½culos que usted ya no necesita, perdiendo el espacio del hogar y las cosas que estar pensando en cï¿½mo deshacerse de ï¿½l. ï¿½Por quï¿½ tirar a la papelera de reciclaje, puede haber alguien que estï¿½ en la necesidad de que muy mal. Este el sitio es ï¿½til para el intercambio de cosas que no quieren, o simplemente lo venden a alguien que no quiere que lo!\r\n\r\nUsted no se ha comprometido a nada hasta que usted y una segunda parte (es decir, el intercambiador otros / comprador) estï¿½n de acuerdo para proceder con la operaciï¿½n - que puede retirar un elemento en cualquier momento, hasta este momento sin ninguna obligaciï¿½n o compromiso.\r\n\r\nï¿½Por quï¿½ registrarse en este sitio?\r\n\r\nCon el fin de vender y salir de anuncios es necesario que usted complete el formulario de registro. La informaciï¿½n recogida por este sitio se utiliza exclusivamente para las actividades que se adaptan a la memoria de intercambio, trueque o venta de artï¿½culos entre los usuarios del sitio.\r\n\r\nMientras que usted puede buscar y navegar sin necesidad de registrarse, si usted quiere intercambiar, comprar o vender, usted tendrï¿½ que registrarse. "\r\n'),
(40, 2, 6, 'Warumï¿½nutzen Sie diese Seite? ', '"Mï¿½glicherweise haben Sie Artikel, die Sie nicht mehr benï¿½tigen, verschwenden Sie Ihr Haushalt Raum und Dinge, die Sie, wie man loswerden sein kï¿½nnten denken. Warum in den Papierkorb zu werfen, es kann jemand sein, braucht es sehr schlecht sein. Diese Ort ist nï¿½tzlich fï¿½r das Swap-stuff Sie nicht wollen, oder einfach nur verkaufen sie an jemanden, der will es nicht!\r\n\r\nSie sind zu nichts, bis Sie und eine zweite Partei (dh den anderen swapper / Kï¿½ufer) stimmen zu, das Geschï¿½ft weiter engagiert - Sie kï¿½nnen ein Objekt jederzeit bis zu diesem Zeitpunkt zurï¿½cktreten freibleibend und unverbindlich.\r\n\r\nWarum mit dieser Website registrieren?\r\n\r\nUm zu verkaufen, und verlassen Postings wir brauchen Sie, um die kurze Formular ausfï¿½llen. Die Informationen auf dieser Website erhobenen Daten werden ausschlieï¿½lich fï¿½r Tï¿½tigkeiten, die tauschen, Tauschhandel oder Verkauf von Artikeln zwischen den Benutzern der Seite unterzubringen verwendet werden.\r\n\r\nWï¿½hrend Sie suchen kï¿½nnen, auch ohne Registrierung durchsuchen, wenn Sie zu tauschen, kaufen oder verkaufen wollen, mï¿½ssen Sie sich registrieren."\r\n'),
(41, 1, 2, 'Quel estï¿½ce site? ', '"Ce site est un service d''ï¿½change en ligne oï¿½ vous pouvez accï¿½der ï¿½ des dï¿½tails sur les ï¿½lï¿½ments indï¿½sirables ou excï¿½dentaires et de visualiser les demandes de biens voulait. Son objectif principal est de vous aider ï¿½ vous dï¿½barrasser de vos articles non dï¿½sirï¿½s ou vous permettre de trouver des produits que les autres n''ont plus besoin sans frais.\r\n\r\nCe site est un site de swap complet qui vous permet d''ï¿½changer des objets avec, ou vendre des articles d'', d''autres internautes. Il vous permet de rechercher ou parcourir des articles spï¿½cifiques offerts pour ï¿½changer ou vendre. Vous pouvez ï¿½changer tous les ï¿½lï¿½ments indï¿½sirables de votre maison ou votre entreprise ï¿½ d''autres qui peuvent avoir besoin d''eux. Vous pouvez aussi poster des articles que vous souhaitez.\r\n\r\nRecherche / parcourir la longue liste de catï¿½gories, trouver des articles qui peuvent ï¿½tre utiles pour vous, faire des offres, attendre que l''autre partie ï¿½ rï¿½pondre en acceptant ou en rejetant votre offre, ajouter des commentaires, ï¿½changer et apprï¿½cier!\r\n\r\nAinsi, avec le minimum d''effort, vous pouvez ï¿½changer, vendre ou acheter des trucs d''autres personnes via Internet."\r\n'),
(42, 1, 5, 'ï¿½Quï¿½ es esteï¿½sitio? ', '"Este sitio es un servicio de intercambio en lï¿½nea donde se puede acceder a detalles de los elementos no deseados o excedentes y ver las solicitudes de bienes querï¿½a. Su principal objetivo es ayudar a deshacerse de sus artï¿½culos no deseados o le permiten encontrar los productos que otros ya no necesitan sin costo alguno.\r\n\r\nEste sitio es un sitio de intercambio completa que le permite cambiar los productos con o vender artï¿½culos a los usuarios de internet. Te permite realizar bï¿½squedas o navegar por artï¿½culos especï¿½ficos que se ofrecen para el canje o venta. Usted puede cambiar cualquier elemento no deseado de su casa o negocio a otros que pueden hacer uso de ellos. Tambiï¿½n puedes publicar los artï¿½culos que desean.\r\n\r\nBuscar / navegar a travï¿½s de la extensa lista de categorï¿½as, encontrar los artï¿½culos que pueden ser de utilidad para usted, hacer ofertas, esperar a que la otra parte para responder aceptando o rechazando su oferta, agregar comentarios, intercambiar y disfrutar!\r\n\r\nAsï¿½, con el mï¿½nimo esfuerzo, puede intercambiar, vender o comprar cosas de otras personas a travï¿½s de Internet."\r\n'),
(43, 1, 6, 'Was istï¿½auf dieser Site? ', '"Diese Website ist ein Online-Austausch-Service, wo Sie Informationen ï¿½ber unerwï¿½nschte oder ï¿½berschï¿½ssige Produkte zugreifen kï¿½nnen und Antrï¿½ge auf Bereitstellung wollte Waren. Sein Hauptziel ist, Ihnen zu helfen loszuwerden Ihrer unerwï¿½nschte Elemente oder aktivieren Sie die Waren finden, die andere nicht mehr benï¿½tigen ohne Kosten.\r\n\r\nDiese Website ist eine komplette Swap Website, die Sie auf Elemente mit swap, oder Gegenstï¿½nde verkaufen, um andere Internet-Nutzer ermï¿½glicht. Es ermï¿½glicht Ihnen die Suche oder fï¿½r bestimmte Gegenstï¿½nde fï¿½r Swap-oder Verkauf angeboten zu durchsuchen. Sie kï¿½nnen alle unerwï¿½nschten Elemente aus Ihrem Haus oder Geschï¿½ft an andere, die fï¿½r sie haben kï¿½nnen Verwendung zu tauschen. Sie kï¿½nnen auch fï¿½r Artikel, die Sie wï¿½nschen Post.\r\n\r\nSearch / browse durch die umfangreiche Liste der Kategorien, finden Gegenstï¿½nde, die Ihnen nï¿½tzlich sein kï¿½nnen Angebote machen, warten, bis die andere Partei durch die Annahme oder Ablehnung Ihres Angebots reagieren, Kommentare hinzufï¿½gen, tauschen und genieï¿½en!\r\n\r\nSo mit einem minimalen Aufwand, kï¿½nnen Sie tauschen, kaufen oder verkaufen Zeug von anderen Menschen ï¿½ber das Internet."\r\n');

--
-- Dumping data for table `eswap_help`
--

INSERT INTO `eswap_help` (`nHId`, `nHcId`, `nHposition`, `vActive`, `vHimage`) VALUES
(1, 3, 1, '1', '1229329644_home.gif'),
(4, 8, 4, '1', '1229329370_Logging-in.jpg'),
(5, 10, 5, '1', '1229329330_Edit-Profile.jpg'),
(6, 1, 6, '1', '1229329846_Manage-Feedbacks.jpg'),
(7, 1, 7, '1', '1229329835_RegisterEswaps.jpg'),
(8, 1, 8, '1', '1229329826_RegisterEswaps.jpg'),
(9, 1, 9, '1', '1229329816_RegisterEswaps.jpg'),
(10, 1, 10, '1', '1229329805_Manage-Feedbacks.jpg'),
(11, 1, 11, '1', '1229329798_Manage-Feedbacks.jpg'),
(12, 1, 12, '1', '1229329778_Manage-Feedbacks.jpg'),
(13, 1, 13, '1', '1229329768_Manage-Feedbacks.jpg'),
(14, 1, 14, '1', '1229329761_Manage-Feedbacks.jpg'),
(15, 1, 15, '1', '1229329734_Manage-Feedbacks.jpg'),
(16, 1, 16, '1', '1229329723_home.gif'),
(17, 1, 17, '1', '1229329709_home.gif'),
(18, 1, 18, '1', '1229329703_Manage-Payments.jpg'),
(19, 1, 19, '1', '1229329694_Manage-Payments.jpg'),
(20, 7, 20, '1', '1229329453_user.gif'),
(21, 7, 21, '1', '1229329442_user.gif'),
(22, 7, 22, '1', '1229329381_RegisterEswaps.jpg'),
(23, 6, 23, '1', '1223893583_1205229057_giftshop.gif'),
(24, 9, 24, '1', '1229329351_Manage-Sale.jpg'),
(25, 9, 25, '1', '1229329346_Manage-Sale.jpg'),
(26, 12, 26, '1', '1229329321_Manage-Swap.jpg'),
(27, 12, 27, '1', '1229329315_Manage-Swap.jpg'),
(28, 13, 28, '1', '1229329264_Manage-Wish.jpg'),
(29, 13, 29, '1', '1229329307_Manage-Wish.jpg'),
(30, 14, 30, '1', '1229329215_Manage-Payments.jpg'),
(31, 14, 31, '1', '1229329208_Manage-Payments.jpg'),
(32, 15, 32, '1', '1229329227_Manage-Feedbacks.jpg'),
(33, 9, 33, '1', '1229329340_Manage-Sale.jpg'),
(34, 20, 34, '1', '1229328894_How-to-swap.jpg'),
(35, 20, 35, '1', '1229328770_features.jpg'),
(36, 21, 36, '1', '1229328854_Howtosell.jpg'),
(37, 21, 37, '1', '1229328845_Howtoswap.jpg'),
(38, 21, 38, '1', '1229328830_How-to-wish.jpg'),
(39, 19, 39, '1', '1229329060_RegisterEswaps.jpg'),
(40, 19, 40, '1', '1229328919_Logging-in.jpg'),
(41, 19, 41, '1', '1229328752_Edit-Profile.jpg'),
(42, 19, 42, '1', '1229328997_Manage-Sale.jpg'),
(43, 19, 43, '1', '1229329015_Manage-Swap.jpg'),
(44, 19, 44, '1', '1229329099_whatis-eswap.jpg'),
(45, 19, 45, '1', '1229329029_Manage-Wish.jpg'),
(46, 19, 46, '1', '1223896360_1205229057_giftshop.gif'),
(47, 19, 47, '1', '1229328965_Manage-Offers.jpg'),
(48, 19, 48, '1', '1229329124_Change-delivered-status.jpg'),
(49, 19, 49, '1', '1229328976_Manage-Payments.jpg'),
(50, 19, 50, '1', '1229328948_Manage-Feedbacks.jpg'),
(51, 19, 51, '1', '1223896576_1205229116_blogs.gif'),
(52, 19, 52, '1', '1313648095_How-to-wish.jpg'),
(53, 4, 53, '1', '1229152858_1223893813_1205229047_eventtickets.gif'),
(54, 3, 54, '1', '1229329678_Manage-Feedbacks.jpg'),
(55, 3, 55, '1', '1229329605_other.gif'),
(56, 3, 56, '1', '1229329598_Manage-Feedbacks.jpg'),
(57, 3, 57, '1', '1229158873_1223893813_1205229047_eventtickets.gif'),
(59, 31, 58, '1', '1312539214_sales-report.jpg'),
(60, 31, 59, '1', '1314092514_sales-report.jpg'),
(61, 31, 60, '1', '1277361404_1229329215_point-purchases.jpg'),
(62, 31, 61, '1', '1314092497_sales-report.jpg'),
(65, 35, 63, '1', ''),
(66, 35, 64, '1', '');

--
-- Dumping data for table `eswap_helpcategory`
--

INSERT INTO `eswap_helpcategory` (`nHcId`, `vHtype`, `nHcposition`, `vActive`) VALUES
(1, 'admin', 1, '1'),
(3, 'admin', 3, '1'),
(4, 'admin', 4, '1'),
(6, 'admin', 6, '1'),
(7, 'admin', 7, '1'),
(8, 'admin', 8, '1'),
(9, 'admin', 9, '1'),
(10, 'admin', 10, '1'),
(12, 'admin', 12, '1'),
(13, 'admin', 13, '1'),
(14, 'admin', 14, '1'),
(15, 'admin', 15, '1'),
(16, 'admin', 16, '1'),
(18, 'admin', 18, '1'),
(19, 'client', 19, '1'),
(20, 'client', 20, '1'),
(21, 'client', 21, '1'),
(31, 'admin', 23, '1'),
(32, 'client', 24, '1'),
(33, 'client', 25, '1'),
(35, 'admin', 26, '1'),
(36, 'client', 27, '1'),
(38, 'client', 29, '1'),
(39, 'client', 30, '1');

--
-- Dumping data for table `eswap_helpcategory_lang`
--

INSERT INTO `eswap_helpcategory_lang` (`help_cat_lang_id`, `help_cat_id`, `lang_id`, `vHctitle`) VALUES
(1, 1, 1, 'Site Settings'),
(2, 3, 1, 'Content Management'),
(3, 4, 1, 'FAQ'),
(4, 6, 1, 'Categories'),
(5, 7, 1, 'User'),
(6, 8, 1, 'Login Section'),
(7, 9, 1, 'Sales'),
(8, 10, 1, 'Change Password'),
(9, 12, 1, 'Swap'),
(10, 13, 1, 'Wish'),
(11, 14, 1, 'Payments'),
(12, 15, 1, 'Feedback'),
(13, 16, 1, 'Newsletter'),
(14, 18, 1, 'Friends'),
(15, 19, 1, 'Account'),
(16, 20, 1, 'Basics'),
(17, 21, 1, 'Addons'),
(45, 31, 2, 'rapports '),
(19, 31, 1, 'Reports'),
(55, 19, 5, 'cuenta '),
(54, 19, 2, 'compte '),
(53, 20, 6, 'Basics'),
(52, 20, 5, 'fundamentos '),
(51, 20, 2, 'bases '),
(50, 21, 6, 'Addons'),
(49, 21, 5, 'Addons'),
(48, 21, 2, 'Addons'),
(47, 31, 6, 'Reports '),
(46, 31, 5, 'informes '),
(56, 19, 6, 'Konto '),
(57, 18, 2, 'amis '),
(58, 18, 5, 'amigos '),
(59, 18, 6, 'Freunde '),
(60, 16, 2, 'bulletin '),
(61, 16, 5, 'boletï¿½n '),
(62, 16, 6, 'Newsletter '),
(63, 15, 2, 'Commentaires '),
(64, 15, 5, 'realimentaciï¿½n '),
(65, 15, 6, 'Rï¿½ckkopplung '),
(66, 14, 2, 'paiements '),
(67, 14, 5, 'pagos '),
(68, 14, 6, 'Zahlungen '),
(69, 13, 2, 'souhaits '),
(70, 13, 5, 'deseo '),
(71, 13, 6, 'Wunsch '),
(72, 12, 2, 'ï¿½change '),
(73, 12, 5, 'intercambio '),
(74, 12, 6, 'tauschen '),
(75, 10, 2, 'Changer mot de passe '),
(76, 10, 5, 'cambiar la contraseï¿½a '),
(77, 10, 6, 'Passwort ï¿½ndern '),
(78, 9, 2, 'Les ventes '),
(79, 9, 5, 'venta '),
(80, 9, 6, 'Vertrieb '),
(81, 8, 2, 'Section Connexion '),
(82, 8, 5, 'Ingresar la secciï¿½n '),
(83, 8, 6, 'Login-Bereich '),
(84, 7, 2, 'utilisateur '),
(85, 7, 5, 'usuario '),
(86, 7, 6, 'Benutzer '),
(87, 6, 2, 'catï¿½gories '),
(88, 6, 5, 'categorï¿½as '),
(89, 6, 6, 'Kategorien '),
(90, 4, 2, 'FAQ'),
(91, 4, 5, 'Preguntas frecuentes '),
(92, 4, 6, 'FAQ'),
(93, 3, 2, 'de gestion de contenu '),
(94, 3, 5, 'Gestiï¿½n de Contenidos '),
(95, 3, 6, 'Content Management '),
(96, 1, 2, 'Paramï¿½tres du site '),
(97, 1, 5, 'Configuraciï¿½n del sitio '),
(98, 1, 6, 'Site Settings');

--
-- Dumping data for table `eswap_help_lang`
--

INSERT INTO `eswap_help_lang` (`help_lang_id`, `help_id`, `lang_id`, `vHtitle`, `vHdescription`) VALUES
(1, 1, 1, 'Home Content', 'The textual content of the home page could be edited by clicking the Home link under Content Management on the left menu'),
(2, 4, 1, 'Logging in', 'To access the site''s Swapping Platform Administration area, log in to the screen you view when you access: http://yoursite.com/admin\r\n\r\nJust enter the user name and password. When the credentials match correctly, you can then log in to the website using the Swapping Platform Administration Panel. '),
(4, 5, 1, 'Admin Password Settings', 'To change the Administrator Password, click on. '' Password '' link in the left menu section.\r\n\r\nEnter the old password in the '' Old password '' field. Enter the new password in the '' New Password '' field and confirm it by retyping it in the '' Confirm New Password '' field. Both the passwords should match. Then select the ''change password'' option and the administrator password will be  updated to the newly entered password.\r\n'),
(5, 6, 1, 'Change Site Settings', 'The eSwap Swapping Platform has various system leaf level settings which can control the basic functions of the site. You can control the following settings in this section:\r\n\r\nTo change the site settings- select ''Site Settings'' in the left menu. In the following screen select the parameters you want to change from the list. Then enter your values and select ''Save Changes''.'),
(6, 7, 1, 'Registration Amount', 'A nominal amount is charged from the user at the time registration with Eswaps .This amount can be set in this section.This parameter will be displayed only when free registration is disabled.To disable free registration select  "no" option against the "Enable free registration?" at the bottom section of the screen and click on '' Update ''.\r\n'),
(7, 8, 1, 'Referral fee for survey', 'Any user registered with Eswaps can refer their friends to Eswaps. Eswaps will pay a nominal amount for every completed survey by the referred user.This amount can be set in this section.This option is available only when free registration is disabled.'),
(8, 9, 1, 'Referral fee for registration', 'Any user registered with Eswaps can refer their friends to eSwap.Eswaps will pay a nominal amount for every successful registration by referred user .This amount can be set in this section.This option is available only when free registration is disabled.'),
(9, 10, 1, 'Administrator Email', 'You can create an administrator email address in this section,  which you require for communications. \r\n'),
(10, 11, 1, 'Fees for listing item as featured', 'The user can add an item to the sale as a ''Featured'' sale. Then, the item will appear at the top of the listing, bold, and an icon will represent ''Featured''. A nominal amount is charged from the user for adding his/her item under the featured site. The amount can be set here. '),
(11, 12, 1, ' Commission', 'If the price of the item added by the user for each sale exceeds the commission free limit , a negligible amount is charged from the user. This percentage of commission on the sale price can be set in this section.'),
(12, 13, 1, 'Commission free limit', 'For every additional sale, this site will charge a very negligible commission from the user, based on the quoted price. If the sale is less than the present amount, then no commission will be charged. This amount can be set here. '),
(13, 14, 1, 'Escrow Service commission', 'An escrow service means any payment through  this site, If the buyer chooses escrow service to purchase an item,  this site will charge a very negligible commission from the seller based on the sale price. This  rate of commission can be set set in this section.\r\n'),
(14, 15, 1, 'Name of the site', 'The name of the website can be set in this section. '),
(15, 16, 1, 'Site Logo', 'The Logo image of the website can be set in this section.'),
(16, 17, 1, 'Site Style', 'The appearance of the website can be set in this section.\r\n'),
(17, 18, 1, 'Paypal gateway details', 'You can use PayPal payment gateways for this particular website. Just provide the PayPal email address and identity token. The PayPal identity token can be obtained when you settle the payment data transfer option in the PayPal administration module. Once you are ready to go live, check the box near ''Payment Module Live''. \r\n\r\nTo disable the PayPal support- just uncheck the box near ''Enable PayPal''. '),
(18, 19, 1, 'Authorize.net gateway details', 'You can use Authorize.net payment gateways for the payments. Just provide an Authorize.net Log in ID, transaction key, and password. Once you are ready to go live with the Authorize.net, select the check box near the ''Payment Module Live'' link. '),
(19, 20, 1, 'Manage Users', 'To manage users registered with  this site , click on ''  Registered Users  ''  link in the left menu section.The upcoming screen will display all the users registered with  this site .\r\n\r\nTo bar a user,click on the cross icon against the user.To unbar a user click on tick icon against the user.\r\n\r\nTo edit the profile of a user, click on the login name against the user. In the ensuing screen, edit the details and click '' Save Changes ''. To change the password enter new password and click '' Change Password ''.\r\n'),
(20, 21, 1, 'User Activation', 'To activate a user registered with the site, select the ''User Awaiting Activation'' link in the left menu. \r\n\r\nYou can activate the user in two ways:\r\n\r\n1.If you know the user, you can directly activate them when you select the ''Activate'' button\r\n\r\n2. If you want to double check the user''s credentials, select the ''User Name''- then ''Activate User''.\r\n\r\n<b>To Delete the User-</b>\r\n\r\nSelect the user name, and select the ''Delete'' button at the end of the page. Please note that the user activation is required for paid users who registered using payment methods other than a credit card or PayPal. '),
(21, 22, 1, 'User Registration', 'To Add new user to  this site , click on '' Add User  ''  link on the Registered Users screen. In the next screen provide the information about the user and click on '' Register '' '),
(22, 23, 1, 'Manage Categories', 'To manage a category  with  this site , click on '' Categories '' link in the left menu section.The upcoming screen will display all the existing categories\r\n\r\n\r\n<b>To add a New category :</b>\r\nEnter a unique Category Name in the new category name  column at the bottom section and click on '' Add New Category ''. If the category name you entered was unique, the new category is added to the category list.\r\n\r\n\r\n<b>To add a Subcategory:</b>\r\nClick on the particular category under which you intended  to add  subcategory. Enter a unique Sub Category Name in the '' Category name '' column and click on '' Add New Category ''. If the category name you entered was unique, the new subcategory is added to the category list.\r\n\r\n<b>To Edit / Delete a category:</b>\r\nClick the ''Edit '' link against the category . A new screen opens where you can edit the details of the selected category. Click on '' Update category '' to update your changes.\r\nClick on '' Delete Category ''. Before deleting category, please make sure that you have deleted all the sub categories under the category you wish to delete '),
(23, 24, 1, 'Manage Sale', 'To manage the sale added by the user, select the ''Sales'' link in the left menu. In the following screen you will see the sale added from the user. \r\n\r\nTo edit the sale, select the title. In the following screen, edit the details and select ''Update''.\r\n\r\nTo delete the sale , select ''Delete'' in the current page.\r\n\r\nTo approve the sale, select ''Approve Sale''. '),
(24, 25, 1, 'Approve Sale', 'All of the purchases must be approved by the site administrator. To approve a sale, select ''Approve Sale'' in the left menu. Then, select the sale near the title row. In the following screen, select ''Approve Sale'' to approve it, and ''Delete'' to delete it. '),
(25, 26, 1, 'Manage Swap', 'To manage swap items added by the user, select the ''Swap'' link in the left menu section. The following screen will show the swapped item. \r\n\r\nTo edit the swap, select the title against the swap item. In the next screen, edit the details and select ''Update''.\r\n\r\nTo feature the swapped item, select ''Featured''. \r\n\r\nTo approve a swapped item, select ''Approve Swap''.'),
(26, 27, 1, 'Approve Swap', 'All of the swapped items within the site must be approved by the administrator. To approve a swap- select ''Approve swap/wish'' in the left menu section. Then, select it against the swap row. In the following screen, select ''Approve Swap''. If you want to delete a swap, then select ''delete'' instead. '),
(27, 28, 1, 'Manage Wish', 'If the user wishes to own an item, he/she can publish it here.\r\n\r\nTo manage a wish item added by the user, select ''wish'' in the left section. The following screen will show all of the wish items. \r\n\r\nTo edit the wish, select the title near the wish item. In the following screen, edit the details and select ''Update''. \r\n\r\nTo approve a swapped item, select ''Approve wish''. '),
(28, 29, 1, 'Approve Wish', 'The site administrator approves the wish process for this site. To approve a wish, just select ''Approve swap/wish'' in the left menu. To approve it, select the title near the wish row. In the following screen, select ''Approve Wish''. Select ''Delete'' if you want to delete it. '),
(29, 30, 1, 'Manage Payments', 'The user payments with  this site can be viewed and managed from this section.\r\n\r\n\r\n<b>Settle payments</b>\r\n    To  settle payments click on '' Pending settlements '' on the left menu section. All the unsettled payments  can be viewed and manage from this section.To settle payment click on user name against the user you want to settle. In the upcoming screen check the row(s) that you want to settle and provide mode of transaction,reference number and click on '' Settle amount ''.To view transaction details for a selected row click on Item name. A new window will open for you with transaction details such as quantity,mode of transaction etc.Note that payments can be settled only for delivered item. To settle referral payments click on manage referral payments.\r\n\r\n\r\n<b>View Payments</b>\r\n                           To view all the settled payments click on '' Account summary '' on the left menu section. In the ensuing screen click on the user name against the user that you want view payments. All the settled payments for the selected user can be viewed from this section.Payment details such as transaction mode,date etc will be listed in this section. To view more details such as commission,reference number click on '' trans no '' against the transaction details in the current page.\r\n\r\n'),
(30, 31, 1, 'Manage Referral Payments', 'The referral payments with this site can be viewed and managed from this section. \r\n\r\n<b>Referral Details- </b>\r\n\r\nSelect the ''Referrals'' tab in the left menu. The upcoming screen will showcase all of the referral payments. To view the details about the referred user, just select the user name against the referrer. The following screen will display the referral details such as: name, email, registration status etc. \r\n\r\nName- The name of the referred user when he/she registers with the site\r\n\r\nSurvey Status- The user can view their survey status here. To view a complete survey, just select the ''survey status'' tab. \r\n\r\nRegistration Status- The user can view their registration status from here.\r\n\r\n<b>Settle Referral Payments-</b>\r\n\r\nSelect ''Referrals'' in the left menu. The next screen will show all of the referral payments. To settle payments, select the user name near the referrer. The bottom section of the following screen will show the settlement details. Then, check the box near the amount you want to settle and provide a reference number, mode of transaction, and select ''Settle''. To view settled payments, select ''Settle'' near the user. '),
(31, 32, 1, 'Manage Feedback', 'To manage feedback posted by user, click on ''  Feedbacks  ''  link in the left menu section.The upcoming screen will display all the user feedback with details such as posted user,user(against the feedback posted),feedback title,date.To view feedback in detail click on feedback title against the feedback row.'),
(32, 33, 1, 'Approve Item Addition', 'All of the sale additions to the site must be approved by the site administrator. To approve an item in addition to the site, select ''Approve Additional Item'' in the left menu section. Then, select the item addition near the title row. In the following screen select ''Approve Sale'' to approve the addition and select ''Delete'' to delete it. '),
(33, 34, 1, 'How Does the Website Work?', 'This website is an online swapping service, where members can access details about other members unwanted items. They can also list the items on the actual site, and make requests for items they want instead. The goal of this website is to help our members get rid of their unwanted items and enable them to find goods they need amongst each other at no extra cost.\r\n\r\nOur site is intended for individuals who struggle on what to do with items they no longer have any use for. We have discovered that these items are then thrown out or disregarded for years to come. The old saying ''One Mans Trash, is Another Mans Treasure is what this site lives by. \r\n\r\nOur staff is fully committed to insuring that every user in our community is catered to. In addition our staff is in constant communication with one another sharing new ideas to accommodate you. We hope that you enjoy our site and all of the benefits herein. '),
(34, 35, 1, 'Features', 'The Eswaps Swapping Platform  is rich with a large list of features to make its usability to the maximum and to make your work easy.\r\nThe main features are:\r\n    - No plug-ins / programming\r\n    - Web based administration\r\n    - Complete storefront system\r\n    - Free manual\r\n    - HTML knowledge not required\r\n    - Graphic design skills not required\r\n    - Related products and cross selling\r\n    - Accept real-time credit cards\r\n    - Authorize.net, PayPal or both\r\n    - Browser based email\r\n    - Customers can view order history\r\n    - Fully customizable design\r\n    - Customizable template provided\r\n    - Virtually unlimited main / sub categories\r\n    - Integrated store search\r\n    - Thumbnails and large image views\r\n    - All customer''s data is stored in database\r\n    - Password-protected admin access'),
(35, 36, 1, 'How to sell an item with Eswaps ...', 'The first member of eSwap adds an item for sale in the sale list after they provide the title, description, rate, price, photo, and shipping charges. \r\n\r\nThe second member who wants to buy and item can select the first member''s sales listing to receive all of the related info about the product.\r\n\r\nNext, he/she pays for the item they want to buy. The item is removed from the sales list. The buyer now has the option to pay directly to the seller or through eSwap with an escrow fee. If the buyer chooses the escrow fee, the buyer can pay using their credit card, PayPal, and/or Check/Money Order. The money comes from the eSwap account. The first member can see the amount in their section.\r\nWhen you receive the amount in the settlement section, the first user can ship his/her item to the second user. When the confirmation from the second user is complete, the admin selects  the ''Settle Account'' button to clear the pending settlement of the first user. The checks can be delivered bi-monthly after deducting the commission. '),
(36, 37, 1, 'How to swap an item with eSwap', 'The first member adds an item to the swapping list by providing the title, description, rate, photo, and shipping charges.\r\n\r\nThe second member who wants to swap the item can select the first members list and make an offer by providing their item and an amount to swap with. \r\n\r\nThe second member receives a new entry in his/her list.\r\n\r\nThe first member receives a new entry in their list. Now, he/she can view the offer and accept or reject it with a counter offer.\r\n\r\nThe process continues to the point where both members agree for a mutual transfer of goods. The user information of both of the members is shown and they can now proceed with the transfer physically. The posted item is moved to the ''Swapped Items'' list, and it will not be available for swapping any longer. Both of the members have the ability to provide feedback of the other member''s dealings. All rated members can be banned from further trades by the administrator if necessary. \r\n\r\nThere are no fees required for swap listings. It is open to all registered users. '),
(37, 38, 1, 'How to Add an Item to the Wish List', 'The first member adds the item to the wish list to swap with or purchase it by providing the title, description, rate, and photo.\r\n\r\nThe second member who wishes to swap their item can select the first member''s listing and make an offer by providing their item for swap and an amount. This will update a new entry in his/her ''My Offers'' section.\r\n\r\nThe first member receives a new entry in his/her list. They can view the offer and accept or reject it. If the first member accepts the offer he/she will be able to pay directly to the seller or through the barter site with an escrow fee. If the buyer chooses an escrow fee, the buyer can now pay using a credit card, PayPal, or check/money order. \r\n\r\nWhen the second member receives the amount, they can ship their item to the first member. When the second member receives the first member''s confirmation, the admin selects the ''Settle Account'' button to clear the pending settlement of the second member. \r\n'),
(38, 39, 1, 'Register with Eswaps', 'Registering with this site swapping platform is easy and fast. Go to the registration page ( typically at http://yoursite.com/register.php ) assuming that the this site is installed at http://yoursite.com) and provide the required basic information.'),
(39, 40, 1, 'Logging in', 'To access the this site user area, click '' Login '' link in top menu section.\r\nEnter the user name and password. On verifying your credentials correctly, You will be redirected to the main panel. Main panel divides in to seven section .\r\n\r\n\r\n<strong>1.Latest Sale additions</strong>Your  latest sale addition can be viewed and managed from this section.Maximum of  five sale addition will be listed in this section. If you want to manage all your sale addition click on '' more '' icon on bottom right corner.\r\nManage Sale\r\n<strong>2.Latest swap additions</strong>Your  latest swap addition can be viewed and managed from this section.Maximum of  five swap addition will be listed in this section. If you want to manage all your swap additions click on '' more '' icon on bottom right corner.\r\nManage swap\r\n<strong>3.Latest wish additions</strong>Your  latest wish addition can be viewed and managed from this section.Maximum of  five wish addition will be listed in this section. If you want to manage all your wish additions click on '' more '' icon on bottom right corner.\r\nManage wish\r\n<strong>4.My Offers</strong>All <strong>swap/wish</strong> offers you have made so far can be viewed and manage from this section.Maximum of  five offers will be listed in this section. If you want to manage all your swap/wish offers click on '' more '' icon on bottom right corner.\r\nManage offers\r\n<strong>5.Offers For me</strong>All <strong>swap/wish</strong> offers for you can be viewed and managed from this section.Maximum of five offers will be listed in this section. If you want to manage all swap/wish offers for you click on '' more '' icon on bottom right corner.\r\nManage offers\r\n<strong>6.My Sale offers</strong>All <strong>sale</strong> offers you have made so far can be viewed and managed from this section.Maximum of  five sale offers will be listed in this section. If you want to manage all your sale offers click on '' more '' icon on bottom right corner.\r\nManage offers\r\n<strong>7.Sale Offers for me</strong>All <strong>sale</strong> offers for you  can be viewed and managed from this section.Maximum of five offers will be listed in this section. If you want to manage all sale offers for you click on '' more '' icon on bottom right corner.\r\nManage offers'),
(40, 41, 1, 'Edit Profile', 'To edit profile, click on  '' Edit profile  '' link in the left menu section.In the ensuing edit the details and click '' Save Changes ''\r\n\r\n\r\n<b>Change password</b>\r\n    To change the Password, click '' Edit profile '' link in the left menu section.In the ensuing screen enter the old password in the '' Old password '' field.Enter the new password in the '' New Password '' field and confirm it by retyping it in the '' Confirm Password '' field. Both the passwords should match and the  password will get updated to the newly entered password.\r\n'),
(41, 42, 1, 'Manage Sale', 'All of the registered users can add an item for sale.\r\n\r\nAdd an Item for Sale- to add an item for sale with this site, just select the ''Add Sale'' link in the left menu section. The following screen will provide the title, name, price, etc. You can add an item as featured by paying a nominal amount to the site itself. A featured item will show first in the sale listing with a different appearance. You have to pay a very negligible commission on the sale items based on the asking price. If the amount of the sale is less than a preset amount ($100), then no fees are charged. To know more about the sale process, just click here. ''How to Sell with this Site.''\r\n\r\nEdit Sale Item- to view/edit select the ''My Booth'' on the top menu. Select the ''More'' icon under the latest sale addition section. The upcoming screen will display all of your sale additions. To edit a sale, select the title near the sale row. In the next screen, edit the sale details and select ''Update'' to finalize it. \r\n\r\nTo delete a sale- select ''Delete''. As a word of caution, please make sure you are deleting the right item since this action is irreversible.'),
(42, 43, 1, 'Manage Swap', '<b>Add an item for Swap-</b>\r\n\r\nTo add an item for swapping, just select the ''Add Swap'' icon on the left menu section. Provide a title, name, price, etc. If you want to know more about the swapping process then just click here. ''How to Swap an Item''.\r\n\r\n<b>Edit Swap Item-</b>\r\n\r\nTo view/edit an item to swap, just select the ''My Booth'' icon on the top menu section. Then, select the ''More'' icon under the latest swap addition. The next screen will display all of your items to swap. \r\n\r\nTo edit a swap- select the title near the swap item. In the following screen, edit the swap item details and select ''Update''. \r\n\r\nTo delete a swap- select ''Delete''. As a word of caution, please make sure you delete the correct items because this action is irreversible. '),
(43, 44, 1, 'How to swap an item with eSwap', 'The first member with this site adds an item for swapping to his swap list by providing the title, description, rate, photo if any and shipping charges.\r\n\r\nThe second member who wish to swap his item can click on the first members listing and make an offer by providing his item for swap and an amount that he feels is a difference of value with the first members posted item.\r\n\r\nThe second member gets a new entry in his my offers list.\r\n\r\nThe first member gets a new entry in his received offers list. He can view the offer and accept it or put a counter offer.\r\n\r\nThe process is continued to a point where both members agree for mutual transfer of goods.At this point the user information of both the members are displayed and they can proceed with the transfer physically.The posted item is moved to swapped items list and will not be available for swapping any more.Both the members will get a facility to provide a feedback of  the other member.All bad rated members can be barred from further trades by the administrator.\r\n\r\nThere are no fees required for swap listings. It is open for all registered users\r\n\r\n'),
(44, 45, 1, 'Manage Wish', '<b>Add  your wish item</b>\r\n    To add  an item you wish, to swap with or buy,  click on '' Add to wish list '' on left menu  section. Provide title,brand,price etc.To know more about this site wish process click here How to  wish an item with this site .\r\n\r\n<b>Edit your wish item</b>\r\n    To view/edit wish item click on  '' MY BOOTH '' on top menu section . Click on '' More '' icon under the latest wish addition section .The upcoming screen will displays all your wish item additions.To edit wish item click on title against wish item . In the ensuing screen edit wish details and click on '' Update  ''. To delete a wish item click on ''  Delete ''. As a word of caution,please make sure that you are deleting the one you have intended since the action is irreversible.'),
(45, 46, 1, 'How to wish an item with this site', 'The first member with this site  adds an item of  wish to the wish list , to  swap with or purchase by providing the title, description, rate, photo if any .\r\n\r\nThe second member who wish to swap his item can click on the first members listing and make an offer by providing his item for swap and an amount that he wants.This will update a new entry in his my offers list.\r\n\r\nThe first member gets a new entry in his offers for me  list. He can view the offer and accept it or reject. If the first member accept the offer he/she will have the option of paying directly to the seller or through this site with an escrow .If the buyer chooses escrow, buyer can pay using credit card, paypal or check/money order.\r\n\r\nOn receiving the amount in pending settlement section second member can ship his item to the first member .On getting confirmation from the first member about proper receipt of the shipped item, the admin clicks the settle account button to clear the pending settlement of second member .'),
(46, 47, 1, 'Manage Offers', 'The highlighted portion makes no sense. It should look like this: Once you accept the order you now have the option to pay directly to the seller or through the site with an escrow fee, if you choose escrow...'),
(47, 48, 1, 'Change delivered status', '<b>How to change sale delivered status</b>\r\n    \r\n    Click on '' Account Summary   '' in the left menu section. In the ensuing screen click on '' Sale payment by me ''. The upcoming screen will displays all sale payments done by you. Click on '' Delivered '' against the payment row.\r\n\r\n<b>How to change swap/wish delivered status</b>\r\n\r\n    Click on '' MY BOOTH ''  in the  top menu section. Click on '' more '' icon under the my offers ''.The upcoming screen will displays all your swap/wish offers. Click on title against the offer . In the ensuing screen you can change the status to be delivered by just clicking on the '' Change status ''. '),
(48, 49, 1, 'Manage Payments', 'To view the payment you have made to purchase an item, just select the ''Account Summary'' link. In the following screen, select ''Sale Payments'' (please change in the product). All of your payments can be viewed from this section. Note, that the payments accept credit cards. PayPal will not be listed here until the administrator approves the sale. Once the requested item is successfully delivered to you, remember to change the delivered status to ''yes''. This can be done when you select the ''delivered'' link near the payment row. '),
(49, 50, 1, 'Manage Feedback', 'All the users registered with this site have the option to post feedback  about other users .\r\n\r\n<b>Post feedback</b>\r\n\r\n     To post feedback about a user,first you have to select the item of the intended user you wish to buy/swap ( <a href=\'{SALE_HELP_LINK}\'>click here</a> to know how to select an item for sale ) .The upcoming screen will displays the item in detail with four additional links such as  '' view large image '', '' users postings '' etc  . Click on '' users posting '' . In the ensuing screen you can view the intended user''s listing such as sale,wish,offers etc. Click on '' post feedback about the user  '' on the top section of the screen . In the ensuing screen enter your feedback and click on '' post feedback ''\r\n\r\n\r\n\r\n<b>View feedback</b>\r\n\r\nTo view the feedback posted against you click on '' View feedbacks '' in the left.The upcoming screen will displays all the user feedback against you.To view feedback in detail click on feedback title against feedback row. '),
(50, 51, 1, 'Buy an item', 'Select the ''sale'' link in the top menu section. The following screen will show an item for sale. To purchase the item, select the title near the sale item. The next screen will describe the sale item in detail such as price, description, etc. Then, select ''buy''. Now, just enter the quantity required and select ''Confirm Purchase''. You have the option to pay directly to the seller or through this site with an escrow fee. If you choose the escrow, you can pay using a credit card, PayPal, or check/money order. Once your item is successfully delivered, you can change the order status to ''Delivered''. '),
(51, 52, 1, 'Manage Referral', '<b>What is  referral program</b>\r\n    As a registered member of this site , you could receive a fixed amount for every friend that you refer to this site . After you refer a friend to this site , we will e- mail them a link where they can participate in a short survey regarding our services and how it can possibly benefit them, or somebody they know. This survey is voluntary but, if your friend completes the survey and submits it back to us, you will earn fixed amount per completed survey. But thats not all. Your friend will also have the chance to register with this site them self, if this happens; you will earn yourself an additional amount. There are no limits to how many friends.\r\n\r\n<b>Add  referrer</b>\r\n\r\n    To add referrer  click on '' Add referrals '' in the left menu section .The top section of the upcoming screen will displays all the referred user along with their survey and registration status. In the middle section of the screen provide referrer name,email etc and click on '' Submit ''.\r\n\r\n<b>Note that referral program with this site  will not be available when free registration is enabled.</b>'),
(52, 53, 1, 'Adding Contents For FAQ', 'Use  this screen to  add the frequently asked questions on this site. You can add, edit or delete questions and answers.'),
(53, 54, 1, 'Contact Us Content', 'The textual content of the contact us page could be edited by clicking the contact us link under Content Management on the left menu.'),
(54, 55, 1, 'About Us Content', 'The textual content of the about us page could be edited by clicking the about us link under Content Management on the left menu.'),
(55, 56, 1, 'Privacy Content', 'The textual content of the privacy page could be edited by clicking the privacy link under Content Management on the left menu.'),
(56, 57, 1, 'Terms Content', 'The textual content of the terms page could be edited by clicking the terms link under Content Management on the left menu.'),
(57, 59, 1, 'Point System', 'This site allows the admin to run it in three different modes. One could use the point mode or the money mode or both. In the money mode, the system behaves like a normal shopping cart software system should. All transactions take place in terms of real currency.\r\n\r\nIn the point mode, the currency is instead replaced with points. Every user has allotted some points which he/she can use to buy or swap items. In case there is a point shortage, he/she could buy more points from the admin by paying. They can also receive points when they trade an item for points.\r\n\r\nIf the site operation is in point mode, then the admin must set the following parameters:\r\n\r\n1. Points Will Be Called- the admin can decide how a point should be called in their system. You can term it as swapbugs or tradepoints. The choice is yours.\r\n\r\n2. Point Conversion Rate- the admin can decide what is the value of the point in relation to currency\r\n\r\n3. Allow Point Transfer- admin can decide if they want to enable point transfers between the users.\r\n\r\n4. Success Fee for a Completed Transaction- the admin can decide how much the user needs to pay for each transaction.'),
(58, 60, 1, 'Success Fee Report', 'This report is available when the system runs in the point mode. The admin can figure out how much he/she made during a specified period of time.'),
(59, 61, 1, 'Point Purchase', 'This report is available when the system runs in the point mode. The admin can figure out how much he/she made during a specified period of time. '),
(60, 62, 1, 'Sales Report', 'This report is available when the system isn''t running in point mode. Here, the admin will figure out how much he/she earned during a specified period of time. The admin can also filter the reports to receive the data for a specified period of time. '),
(69, 68, 2, 'fsdfsdfsdz frrrrrrFR', 'fsdfsdfsdz frrrrrrfsdfsdfsdz frrrrrrfsdfsdfsdz frrrrrrfsdfsdfsdz frrrrrrfsdfsdfsdz frrrrrrfsdfsdfsdz frrrrrrfsdfsdfsdz frrrrrrFR'),
(133, 62, 6, '', ''),
(134, 60, 5, '', ''),
(67, 62, 2, '', ''),
(135, 60, 6, '', ''),
(68, 68, 1, 'sZzsdf', 'ascsdfdsascsdfdsascsdfdsascsdfdsascsdfdsascsdfdsascsdfdsascsdfdsascsdfds'),
(132, 62, 5, '', ''),
(70, 60, 2, '', ''),
(71, 52, 2, 'Gï¿½rer aiguillage ', '<b>Quel est le programme d''aiguillage</b>\r\n    En tant que membre inscrit de ce site, vous pourriez recevoir un montant fixe pour chaque ami que vous rï¿½fï¿½rer ï¿½ ce site. Une fois que vous parrainez un ami sur ce site, nous allons les envoyer par courriel un lien oï¿½ ils peuvent participer ï¿½ un court sondage concernant nos services et comment il peut ï¿½ventuellement leur ï¿½tre utile, ou quelqu''un qu''ils connaissent. Cette enquï¿½te est volontaire, mais si votre ami achï¿½ve l''enquï¿½te et le soumet de nouveau ï¿½ nous, vous gagnerez montant fixe par questionnaire rempli. Mais ce n''est pas tout. Votre ami aura ï¿½galement la chance de s''inscrire ï¿½ ce site entre eux soi-mï¿½me, si cela arrive, vous gagnerez-vous un montant supplï¿½mentaire. Il n''y a pas de limite au nombre d''amis.\r\n\r\n<b>Ajouter rï¿½fï¿½rent</b>\r\n\r\n    Pour ajouter rï¿½fï¿½rent cliquez sur ""Ajouter aiguillageï¿½ dans la section menu de gauche. La section supï¿½rieure de l''ï¿½cran affiche tous ï¿½ venir sera l''utilisateur visï¿½ de mï¿½me que leur enquï¿½te et le statut d''inscription. Dans la section du milieu de l''ï¿½cran fournissent nom de l''affluent, etc email et cliquez sur ï¿½Soumettreï¿½.\r\n\r\n<b>Notez que le programme de rï¿½fï¿½rence avec ce site ne seront pas disponibles lors de l''inscription gratuite est activï¿½e.</b>\r\n'),
(139, 14, 2, '', ''),
(136, 12, 2, '', ''),
(137, 12, 5, '', ''),
(138, 12, 6, '', ''),
(76, 52, 5, 'gestionar Referencia ', '<b>ï¿½Quï¿½ es el programa de referencia</b>\r\n    Como usuario registrado de este sitio, usted podrï¿½a recibir una cantidad fija por cada amigo que se refieren a este sitio. Despuï¿½s de recomendar a un amigo a este sitio, vamos a enviarlas por correo electrï¿½nico un enlace donde se puede participar en una breve encuesta acerca de nuestros servicios y cï¿½mo es posible que ellos se benefician, o alguien que conocen. Esta encuesta es voluntaria pero, si tu amigo se completa el estudio y lo envï¿½a de vuelta a nosotros, usted ganarï¿½ cantidad fija por cada encuesta completada. Pero eso no es todo. Su amigo tambiï¿½n tendrï¿½ la oportunidad de registrarse en esta pï¿½gina a uno mismo, si esto sucede, usted se gana una cantidad adicional. No hay lï¿½mites a la cantidad de amigos.\r\n\r\n<b>Aï¿½adir remitente</b>\r\n\r\n    Para agregar referrer haga clic en ""Agregar referencias"" en la secciï¿½n de menï¿½ de la izquierda. En la parte superior de la pantalla se muestra prï¿½ximo a todos los usuarios se refiere, junto con su encuesta y el estado del registro. En la secciï¿½n central de la pantalla indique el nombre del remitente, etc correo electrï¿½nico y haga clic en ""Enviar"".\r\n\r\n<b>Tenga en cuenta que el programa de referencia con este sitio no estarï¿½ disponible cuando se activa el registro libre.</b>\r\n'),
(77, 52, 6, 'verwalten Referral ', '<b>Was ist Referral-Programm</b>\r\n    Als registriertes Mitglied dieser Seite kï¿½nnen Sie erhalten einen festen Betrag fï¿½r jeden Freund, den Sie beziehen sich auf dieser Website. Nachdem Sie einen Freund auf diese Seite verweisen, werden wir e-mail ihnen einen Link, wo sie in einem kurzen ï¿½berblick ï¿½ber unsere Dienstleistungen teilnehmen kï¿½nnen und wie sie mï¿½glicherweise profitieren sie, oder jemand, den sie kennen. Diese Umfrage ist freiwillig, aber, wenn Ihr Freund ergï¿½nzt die Studie und legt es an uns zurï¿½ck, werden Sie Festbetrag pro abgeschlossene Umfrage verdienen. Aber das ist nicht alles. Ihr Freund wird auch die Chance haben, mit dieser Website sie sich selbst registrieren, wenn dies geschieht, werden Sie verdienen Sie sich einen zusï¿½tzlichen Betrag. Es gibt keine Grenzen gesetzt, wie viele Freunde.\r\n\r\n<b>Add Referrer</b>\r\n\r\n    Um Referrer auf ''Add Verweise ""im linken Menï¿½ Abschnitt klicken. Der obere Abschnitt des bevorstehenden Bildschirm zeigt alle genannten Benutzer zusammen mit ihrer Umfrage und Anmeldung Status. Im mittleren Abschnitt des Bildschirms sorgen Referrer Name, Email etc. und klicken Sie auf ''Senden''.\r\n\r\n<b>Beachten Sie, dass Referral-Programm mit dieser Website nicht verfï¿½gbar sein, wenn kostenlose Registrierung aktiviert ist.</b>\r\n'),
(78, 38, 2, 'Comment ajouter un ï¿½lï¿½ment ï¿½ la liste de souhaits ', '"Le premier membre ajoute l''ï¿½lï¿½ment ï¿½ la liste de souhaits pour ï¿½changer avec ou l''acheter en prï¿½cisant le titre, description, taux, et la photo.\r\n\r\nLe second membre qui souhaite ï¿½changer leurs point peut sï¿½lectionner la liste des membres du premier et faire une offre en fournissant leur ï¿½lï¿½ment pour le swap et un montant. Ceci mettra ï¿½ jour une nouvelle entrï¿½e dans son / sa section ï¿½Mes offresï¿½.\r\n\r\nLe premier membre reï¿½oit une nouvelle entrï¿½e dans son / sa liste. Ils peuvent consulter l''offre et de l''accepter ou la rejeter. Si le premier membre accepte l''offre, il / elle sera en mesure de payer directement au vendeur ou par l''intermï¿½diaire du site de troc avec des frais d''entiercement. Si l''acheteur choisit un droit d''entiercement, l''acheteur peut maintenant payer par carte de crï¿½dit, PayPal ou chï¿½que / mandat.\r\n\r\nLorsque le deuxiï¿½me membre reï¿½oit le montant, ils peuvent expï¿½dier leur ï¿½lï¿½ment au premier membre. Lorsque le deuxiï¿½me membre reï¿½oit la confirmation du premier membre, l''administrateur sï¿½lectionne le bouton ï¿½Settle compteï¿½ pour effacer le rï¿½glement en cours du second membre."\r\n'),
(79, 38, 5, 'Cï¿½mo agregar un elemento a la lista de deseos ', '"El primer miembro agrega el elemento a la lista de deseos para intercambiar con o comprarlo por proporcionar el tï¿½tulo, descripciï¿½n, precio, y la fotografï¿½a.\r\n\r\nEl segundo miembro que desee cambiar su punto puede seleccionar una lista de los miembros de primera y hacer una oferta al ofrecer su punto de intercambio y una cantidad. Esto actualizarï¿½ una nueva entrada en su / su secciï¿½n ""Mis Ofertas"".\r\n\r\nEl primer miembro recibe una nueva entrada en su / su lista. Se puede ver la oferta y aceptarla o rechazarla. Si el primer miembro acepta la oferta que ï¿½l / ella serï¿½ capaz de pagar directamente al vendedor o por el trueque sitio con una tasa de depï¿½sito en garantï¿½a. Si el comprador elige una cuota de depï¿½sito en garantï¿½a, el comprador puede ahora pagar con tarjeta de crï¿½dito, PayPal o cheque / giro postal.\r\n\r\nCuando el segundo miembro recibe la cantidad, pueden enviar su artï¿½culo al primer miembro. Cuando el segundo miembro recibe la confirmaciï¿½n del primer miembro, el administrador selecciona el botï¿½n ""Resolver cuenta"" para borrar la pendiente de resoluciï¿½n del segundo miembro."\r\n'),
(80, 38, 6, 'Wie man ein Item auf den Wunschzettel ', '"Das erste Mitglied fï¿½gt das Element auf der Wunschliste, mit Swap-oder erwerben Sie durch die Bereitstellung der Titel, Beschreibung, Preis und Foto.\r\n\r\nDas zweite Mitglied, die ihre Position tauschen will, kann wï¿½hlen das erste Mitglied der Auflistung und ein Angebot machen, indem sie ihre Position fï¿½r Swap und eine Menge. Dies wird update einen neuen Eintrag in seinem / ihrem ""Meine Angebote"" Abschnitt.\r\n\r\nDas erste Mitglied erhï¿½lt einen neuen Eintrag in seiner / ihrer Liste. Sie kï¿½nnen die anbieten und annehmen oder ablehnen. Wenn das erste Mitglied das Angebot annimmt wird er / sie in der Lage sein, direkt zu bezahlen an den Verkï¿½ufer oder durch den Tausch vor Ort mit einem Escrow-Gebï¿½hr. Wenn der Kï¿½ufer wï¿½hlt ein Escrow-Gebï¿½hr, kann der Kï¿½ufer jetzt zahlen mit Kreditkarte, PayPal oder Scheck / eine Zahlungsanweisung.\r\n\r\nWenn das zweite Mitglied der Hï¿½he erhï¿½lt, kann sie ihre Position, um das erste Mitglied Schiff. Wenn das zweite Mitglied das erste Mitglied der Bestï¿½tigung erhï¿½lt, wï¿½hlt der Administrator die ""Settle Konto""-Taste, um die ausstehende Abrechnung des zweiten Teils klar."\r\n'),
(81, 37, 2, 'Comment ï¿½changer un item avec eSwap ', '"Le premier membre ajoute un ï¿½lï¿½ment ï¿½ la liste swapping en prï¿½cisant le titre, la description, les frais de taux, la photo, et l''expï¿½dition.\r\n\r\nLe second membre qui veut ï¿½changer l''ï¿½lï¿½ment permet de sï¿½lectionner la premiï¿½re liste des membres et faire une offre en fournissant leur ï¿½lï¿½ment et un montant d''ï¿½changer avec.\r\n\r\nLe second membre reï¿½oit une nouvelle entrï¿½e dans son / sa liste.\r\n\r\nLe premier membre reï¿½oit une nouvelle entrï¿½e dans leur liste. Maintenant, il / elle peut voir toute l''offre et de l''accepter ou le rejeter avec une contre-offre.\r\n\r\nLe processus se poursuit au point oï¿½ les deux membres d''accord pour un transfert rï¿½ciproque de biens. Les informations sur les utilisateurs des deux membres est montrï¿½ et ils peuvent maintenant procï¿½der au transfert physique. L''article postï¿½ est dï¿½placï¿½ vers la liste ï¿½Articles ï¿½changï¿½, et il ne sera pas disponible pour ï¿½changer plus longtemps. Les deux membres ont la capacitï¿½ de fournir des commentaires sur les relations de l''autre dï¿½putï¿½. Tous les membres nominale peuvent ï¿½tre interdits de mï¿½tiers encore par l''administrateur si nï¿½cessaire.\r\n\r\nIl n''y a aucun frais exigï¿½s pour les annonces de swap. Il est ouvert ï¿½ tous les utilisateurs enregistrï¿½s."\r\n'),
(82, 37, 5, 'Cï¿½mo cambiar un elemento con eSwap ', '"El primer miembro agrega un elemento a la lista de intercambio, proporcionando el tï¿½tulo, descripciï¿½n, tipo de cargos, fotos y envï¿½o.\r\n\r\nEl segundo miembro que quiera cambiar el tema puede seleccionar la lista de los primeros miembros y hacer una oferta al ofrecer su punto y una cantidad de swap con.\r\n\r\nEl segundo miembro recibe una nueva entrada en su / su lista.\r\n\r\nEl primer miembro recibe una nueva entrada en su lista. Ahora, ï¿½l / ella puede ver la oferta y la acepta o la rechaza con una contraoferta.\r\n\r\nEl proceso continï¿½a hasta el punto que ambos miembros estï¿½n de acuerdo para una transferencia mutua de los bienes. La informaciï¿½n de los usuarios de ambos de los miembros que se muestra y que ahora se puede proceder con la transferencia fï¿½sica. El artï¿½culo publicado se mueve a la lista de ''Elementos intercambiado, y no estarï¿½ disponible para el bombeo de mï¿½s tiempo. Tanto de los miembros tienen la capacidad de proporcionar informaciï¿½n de las relaciones de la de otros miembros. Todos los miembros de calificaciï¿½n puede ser prohibido de las operaciones de mï¿½s por el administrador, si es necesario.\r\n\r\nNo hay cargos necesarios para las listas de intercambio. Estï¿½ abierto a todos los usuarios registrados."\r\n'),
(83, 37, 6, 'Wie ein Element mit eSwap Swap ', '"Das erste Mitglied fï¿½gt ein Element, um die Auslagerung Liste, indem sie die Titel, Beschreibung, Preis, Foto-und Versandkosten.\r\n\r\nDas zweite Mitglied, das die Position tauschen mï¿½chte, kann wï¿½hlen Sie die erste Mitglieder-Liste und ein Angebot machen, indem sie ihre Position und Hï¿½he mit Swap.\r\n\r\nDas zweite Mitglied erhï¿½lt einen neuen Eintrag in seiner / ihrer Liste.\r\n\r\nDas erste Mitglied erhï¿½lt einen neuen Eintrag in die Liste. Nun kann er / sie im Internet auf offer und annehmen oder ablehnen kann mit einem Gegenangebot.\r\n\r\nDer Prozess wird fortgesetzt, bis zu dem Punkt, wo beide Mitglieder stimmen fï¿½r einen gegenseitigen Austausch von Waren. Der Anwender Informationen sowohl der Mitglieder wird gezeigt, und sie kï¿½nnen jetzt mit der ï¿½bertragung physisch vorgehen. Der entsandte Punkt auf der ""Swapped Items"" Liste verschoben, und es wird nicht verfï¿½gbar sein fï¿½r den Austausch von nicht mehr. Beide haben die Mitglieder die Mï¿½glichkeit, Feedback der anderen Mitglieds Umgang bieten. Alle bewerteten Mitglieder kï¿½nnen von der weiteren Gewerke durch den Administrator bei Bedarf gesperrt werden.\r\n\r\nEs gibt keine Gebï¿½hren fï¿½r die Swap-Liste erforderlich. Es ist offen fï¿½r alle registrierten Benutzer."\r\n'),
(84, 36, 2, 'Comment vendre un objet avec Eswaps ... ', '"Le premier membre de eSwap ajoute un ï¿½lï¿½ment ï¿½ la vente dans la liste aprï¿½s-vente qu''ils fournissent le titre, description, taux, prix, photo, et les frais d''expï¿½dition.\r\n\r\nLe second membre qui veut acheter et le point peut sï¿½lectionner la liste des membres du premier des ventes de recevoir toutes les infos liï¿½es au sujet du produit.\r\n\r\nEnsuite, il / elle paie pour le poste qu''ils veulent acheter. L''ï¿½lï¿½ment est supprimï¿½ de la liste des ventes. L''acheteur a dï¿½sormais la possibilitï¿½ de payer directement au vendeur ou par l''intermï¿½diaire eSwap avec un droit d''entiercement. Si l''acheteur choisit les frais de sï¿½questre, l''acheteur peut payer avec leur carte de crï¿½dit, PayPal, et / ou chï¿½que / mandat. L''argent provient du compte eSwap. Le premier membre peut voir le montant de leur section.\r\nLorsque vous recevez un montant dans la section de rï¿½glement, le premier utilisateur peut expï¿½dier son / sa ï¿½lï¿½ment pour le deuxiï¿½me utilisateur. Lorsque la confirmation de l''utilisateur seconde est terminï¿½e, l''administrateur sï¿½lectionne les ï¿½Settle compteï¿½ bouton pour effacer le rï¿½glement en cours du premier utilisateur. Les chï¿½ques peuvent ï¿½tre livrï¿½s deux fois par mois aprï¿½s dï¿½duction de la commission."\r\n'),
(85, 36, 5, 'Cï¿½mo vender un artï¿½culo con Eswaps ... ', '"El primer miembro de eSwap agrega un elemento a la venta en la lista de ventas despuï¿½s de proporcionar el tï¿½tulo, descripciï¿½n, precio, precios, fotos, y los gastos de envï¿½o.\r\n\r\nEl segundo miembro que quiere comprar y el tema se puede seleccionar una lista de los miembros del primer ventas para recibir toda la informaciï¿½n de relaciï¿½n sobre el producto.\r\n\r\nA continuaciï¿½n, ï¿½l / ella paga por el artï¿½culo que desea comprar. El elemento se elimina de la lista de ventas. El comprador tiene ahora la opciï¿½n de pagar directamente al vendedor oa travï¿½s de eSwap con una tasa de depï¿½sito en garantï¿½a. Si el comprador elige la tarifa de depï¿½sito en garantï¿½a, el comprador puede pagar con su tarjeta de crï¿½dito, PayPal, y / o Cheque / Giro. El dinero proviene de la cuenta eSwap. El primer miembro puede ver la cantidad en su secciï¿½n.\r\nCuando usted reciba la cantidad en la secciï¿½n de soluciï¿½n, el usuario puede enviar su / su punto al segundo usuario. Cuando la confirmaciï¿½n del segundo usuario se ha completado, el administrador selecciona el ''Resolver cuenta ""para borrar la soluciï¿½n a la espera de que el primer usuario. Los controles pueden ser entregados cada dos meses despuï¿½s de deducir la comisiï¿½n."\r\n'),
(86, 36, 6, 'Wie ein Element mit Eswaps verkaufen ... ', '"Das erste Mitglied der eSwap fï¿½gt einen Artikel zum Verkauf in der Verkaufsliste, nachdem sie den Titel, Beschreibung, Preis, Preis, Foto-und Versandkosten stellen.\r\n\r\nDas zweite Mitglied, das zu kaufen und zu Artikel mï¿½chte, kann wï¿½hlen das erste Mitglied der Verkaufsliste auf alle zugehï¿½rigen Informationen ï¿½ber das Produkt erhalten.\r\n\r\nAnschlieï¿½end zahlt er / sie fï¿½r das Element sie kaufen mï¿½chten. Das Element wird aus der Verkaufsliste entfernt. Der Kï¿½ufer hat nun die Mï¿½glichkeit, direkt an die Verkï¿½ufer oder durch eSwap mit einer Escrow-Gebï¿½hr. Wenn der Kï¿½ufer wï¿½hlt das Escrow-Gebï¿½hr, kann der Kï¿½ufer zu zahlen mit der Kreditkarte, PayPal, und / oder Check / Money Order. Das Geld stammt aus dem eSwap Konto. Das erste Mitglied kann die Menge in ihren Bereich zu sehen.\r\nWenn Sie den Betrag in der Siedlung Abschnitt, kann der erste Benutzer seine / ihre Position an den zweiten Benutzer versenden. Wenn die Bestï¿½tigung durch den zweiten Benutzer abgeschlossen ist, wï¿½hlt der Administrator die ""Settle Konto"", um die anstehenden Ansiedlung der ersten Anwender klar. Die Kontrollen kï¿½nnen zweimonatliche nach Abzug der Provision geliefert werden."\r\n');
INSERT INTO `eswap_help_lang` (`help_lang_id`, `help_id`, `lang_id`, `vHtitle`, `vHdescription`) VALUES
(87, 35, 2, 'caractï¿½ristiques ', '"Le Eswaps Permutation Platform est riche avec une grande liste de fonctionnalitï¿½s pour rendre sa facilitï¿½ d''utilisation au maximum et de rendre votre travail facile.\r\nLes principales caractï¿½ristiques sont les suivantes:\r\n    - Pas de plug-ins / programmation\r\n    Administration web -\r\n    - Systï¿½me de vitrine complï¿½te\r\n    - Manuel gratuit\r\n    - Connaissance en HTML n''est pas nï¿½cessaire\r\n    - Compï¿½tences en conception graphique n''est pas nï¿½cessaire\r\n    - Les produits connexes et de la vente croisï¿½e\r\n    - Acceptez les cartes de crï¿½dit en temps rï¿½el\r\n    - Authorize.net, PayPal ou les deux\r\n    Courriel par navigateur -\r\n    - Les clients peuvent consulter l''historique des commandes\r\n    - Conception entiï¿½rement personnalisable\r\n    - Modï¿½le personnalisable fourni\r\n    - Pratiquement illimitï¿½e principales catï¿½gories / sous\r\n    - Rechercher dans la boutique intï¿½grï¿½\r\n    - Miniatures et des vues grande image\r\n    - Toutes les donnï¿½es client sont stockï¿½es dans la base\r\n    - L''accï¿½s admin Mot de passe-protï¿½gï¿½e"\r\n'),
(88, 35, 5, 'caracterï¿½sticas ', '"La Plataforma de Intercambio de Eswaps es rica en una larga lista de caracterï¿½sticas para hacer su facilidad de uso al mï¿½ximo y hacer su trabajo fï¿½cil.\r\nLas principales caracterï¿½sticas son:\r\n    - No hay plug-ins / programaciï¿½n\r\n    - Administraciï¿½n basada en Web\r\n    - Sistema de fachada completa\r\n    - Manual gratis\r\n    - No requiere conocimientos de HTML\r\n    - Habilidades de diseï¿½o grï¿½fico no es necesario\r\n    - Productos relacionados y venta cruzada\r\n    - Aceptar en tiempo real de las tarjetas de crï¿½dito\r\n    - Authorize.net, PayPal o ambos\r\n    - Navegador basado en correo electrï¿½nico\r\n    - Los clientes pueden ver el historial de pedidos\r\n    - Diseï¿½o totalmente personalizable\r\n    - Plantilla adaptable siempre\r\n    - Principales categorï¿½as / sub prï¿½cticamente ilimitada\r\n    - Bï¿½squeda de la tienda integrada\r\n    - Miniaturas y puntos de vista de imagen grandes\r\n    - Todos los datos del cliente se almacena en la base de datos\r\n    - Acceso protegido por contraseï¿½a admin"\r\n'),
(89, 35, 6, 'Features ', '"Die Eswaps Swapping Platform ist reich an einer groï¿½en Liste von Funktionen, um die Verwendbarkeit der maximalen zu machen und Ihnen die Arbeit leicht.\r\nDie wichtigsten Merkmale sind:\r\n    - Keine Plug-Ins / Programmierung\r\n    - Web-basierte Administration\r\n    - Komplette Storefront System\r\n    - Free manuellen\r\n    - HTML-Kenntnisse nicht erforderlich\r\n    - Graphic Design-Kenntnisse nicht erforderlich\r\n    - Verwandte Produkte und Cross-Selling\r\n    - Nehmen Sie Echtzeit-Kreditkarten\r\n    - Authorize.net, PayPal oder beide\r\n    - Browser-basierte E-Mail\r\n    - Kunden kï¿½nnen Bestellungen\r\n    - Vollstï¿½ndig anpassbare Design\r\n    - Anpassbare Vorlage zur Verfï¿½gung gestellt\r\n    - Praktisch unbegrenzte main / Unterkategorien\r\n    - Integrierte speichern Suche\r\n    - Thumbnails und groï¿½e Bildansichten\r\n    - Alle Kunden-Daten in der Datenbank gespeichert\r\n    - Passwort-geschï¿½tzte Admin-Zugang"\r\n'),
(90, 34, 2, 'Comment fonctionne le site? ', '"Ce site est un service en ligne permutation, oï¿½ les membres peuvent accï¿½der aux dï¿½tails sur les autres membres les ï¿½lï¿½ments indï¿½sirables. Ils peuvent ï¿½galement dresser la liste des articles sur le site mï¿½me, et faire des demandes pour les articles qu''ils veulent au lieu. Le but de ce site est d''aider nos membres ï¿½ se dï¿½barrasser de leurs ï¿½lï¿½ments indï¿½sirables et de leur permettre de trouver des biens dont ils ont besoin parmi les uns des autres, sans frais supplï¿½mentaires.\r\n\r\nNotre site est destinï¿½ aux personnes qui luttent sur &#8203;&#8203;le quoi faire avec les ï¿½lï¿½ments qu''ils n''ont plus aucune utilitï¿½ pour. Nous avons dï¿½couvert que ces ï¿½lï¿½ments sont ensuite jetï¿½s ou ignorï¿½es pendant des annï¿½es ï¿½ venir. Le vieil adage ï¿½Un Corbeille Mans, Le Mans est un autre trï¿½sor est ce que ce site vit par.\r\n\r\nNotre personnel s''est pleinement engagï¿½ ï¿½ assurer que chaque utilisateur dans notre communautï¿½ est comblï¿½s. En plus de notre personnel est en communication constante avec l''autre partager de nouvelles idï¿½es pour vous accueillir. Nous espï¿½rons que vous apprï¿½cierez notre site et de tous les avantages prï¿½sentes."\r\n'),
(91, 34, 5, 'ï¿½Cï¿½mo funciona la Web? ', '"Este sitio web es un servicio online de intercambio, donde los miembros pueden acceder a los detalles sobre los miembros de otros elementos no deseados. Tambiï¿½n puede mostrar los elementos en el mismo lugar, y hacer pedidos de artï¿½culos que desea en su lugar. El objetivo de este sitio web es ayudar a nuestros miembros de deshacerse de sus elementos no deseados y que puedan encontrar los productos que necesitan entre sï¿½ sin ningï¿½n coste adicional.\r\n\r\nNuestro sitio estï¿½ dirigido a personas que luchan en quï¿½ hacer con los elementos que ya no tienen ningï¿½n uso para. Hemos descubierto que estos elementos se expulsados &#8203;&#8203;o pasados &#8203;&#8203;por alto en los prï¿½ximos aï¿½os. El viejo dicho ""Una basura Mans, es otro de los tesoros Mans es lo que este sitio vidas.\r\n\r\nNuestro personal estï¿½ totalmente comprometida a asegurar que todos los usuarios en nuestra comunidad es atendido. Ademï¿½s nuestro personal estï¿½ en constante comunicaciï¿½n unos con otros compartiendo ideas nuevas para usted. Esperamos que usted disfrute de nuestro sitio y todos los beneficios de este documento."\r\n'),
(92, 34, 6, 'Wie funktioniert die Webseite? ', '"Diese Website ist ein Online-Tausch-Service, in denen die Mitglieder Informationen ï¿½ber andere Mitglieder unerwï¿½nschte Elemente zugreifen kï¿½nnen. Sie kï¿½nnen auch eine Liste der Elemente auf der aktuellen Website und machen Anfragen fï¿½r Gegenstï¿½nde, die sie mï¿½chten, statt. Das Ziel dieser Webseite ist es, unseren Mitgliedern helfen loszuwerden ihre unerwï¿½nschte Elemente und es ihnen ermï¿½glichen, Waren, die sie brauchen untereinander ohne zusï¿½tzliche Kosten zu finden.\r\n\r\nUnsere Website ist fï¿½r Personen, auf was sie mit Gegenstï¿½nden, die nicht mehr die Nutzung fï¿½r Sie kï¿½mpfen sollen. Wir haben entdeckt, dass diese Elemente werden dann aus oder geworfen auï¿½er Acht gelassen fï¿½r die kommenden Jahre. Das alte Sprichwort ""Ein Mans Trash, ist ein weiterer Mans Treasure ist, was dieser Ort von Leben.\r\n\r\nUnsere Mitarbeiter sind voll versichert, dass jeder Benutzer in unserer Gemeinde ist es, Catering verpflichtet. Neben unserer Mitarbeiter ist in stï¿½ndiger Kommunikation miteinander und neue Ideen mit Ihnen aufnehmen. Wir hoffen, dass Sie unsere Website und alle Vorteile hier zu genieï¿½en."\r\n'),
(93, 51, 2, 'Acheter un ï¿½lï¿½ment ', 'Sï¿½lectionnez la "vente" lien dans la section menu du haut. L''ï¿½cran suivant montre un objet en vente. Pour acheter l''ï¿½lï¿½ment, sï¿½lectionnez le titre ï¿½ proximitï¿½ de l''ï¿½lï¿½ment de vente. L''ï¿½cran suivant vous dï¿½crire l''article ï¿½ vendre en dï¿½tail comme le prix, description, etc Ensuite, sï¿½lectionnez ï¿½acheterï¿½. Maintenant, il suffit d''entrer la quantitï¿½ requise et sï¿½lectionnez "Confirmer l''achat". Vous avez la possibilitï¿½ de payer directement au vendeur ou ï¿½ travers ce site avec un droit d''entiercement. Si vous choisissez l''entiercement, vous pouvez payer avec une carte de crï¿½dit, PayPal ou chï¿½que / mandat. Une fois que votre article est livrï¿½ avec succï¿½s, vous pouvez changer le statut pour ï¿½livrï¿½.\r\n'),
(94, 51, 5, 'Comprar un artï¿½culo ', 'Seleccione la opciï¿½n ''venta'' en la secciï¿½n superior del menï¿½. La siguiente pantalla aparecerï¿½ un artï¿½culo en venta. Para comprar el artï¿½culo, seleccione el tï¿½tulo cerca del punto de venta. La siguiente pantalla se debe describir con la venta en los detalles como el precio, descripciï¿½n, etc A continuaciï¿½n, seleccione "comprar". Ahora, basta con introducir la cantidad deseada y seleccione "Confirmar compra". Usted tiene la opciï¿½n de pagar directamente al vendedor oa travï¿½s de este sitio con una tasa de depï¿½sito en garantï¿½a. Si opta por la custodia, usted puede pagar con tarjeta de crï¿½dito, PayPal o cheque / giro postal. Una vez que el tema se ha entregado correctamente, puede cambiar el estado del pedido a "Enviado".\r\n'),
(95, 51, 6, 'Kaufen Sie ein Element ', 'Wï¿½hlen Sie den "Verkauf"-Link in der oberen Menï¿½leiste Abschnitt. Der folgende Bildschirm wird einen Artikel zum Verkauf zu zeigen. So erwerben Sie das Element, wï¿½hlen Sie den Titel in der Nï¿½he der Kaufsache. Im nï¿½chsten Bildschirm werden die Kaufsache im Detail beschreiben, wie Preis, Beschreibung, etc. Wï¿½hlen Sie dann "kaufen". Nun, geben Sie einfach die gewï¿½nschte Menge ein und wï¿½hlen Sie "Kauf bestï¿½tigen". Sie haben die Mï¿½glichkeit, direkt an die Verkï¿½ufer oder durch diese Website mit einer Escrow-Gebï¿½hr. Wenn Sie das Treuhandkonto wï¿½hlen, kï¿½nnen Sie bezahlen mit Kreditkarte, PayPal oder Scheck / eine Zahlungsanweisung. Sobald Ihre Artikel erfolgreich zugestellt wird, kï¿½nnen Sie die Reihenfolge ï¿½ndern, den Status zu "Delivered".\r\n'),
(96, 50, 2, 'Gï¿½rer Commentaires', '"Tous les utilisateurs enregistrï¿½s sur ce site ont la possibilitï¿½ d''afficher des commentaires sur d''autres utilisateurs.\r\n\r\n<b>message commentaires</b>\r\n\r\n     Pour poster des commentaires sur un utilisateur, vous devez d''abord sï¿½lectionner l''ï¿½lï¿½ment de l''utilisateur prï¿½vu que vous souhaitez acheter / swap (cliquez ici pour savoir comment sï¿½lectionner un ï¿½lï¿½ment pour la vente). L''ï¿½cran affiche ï¿½ venir sera la question en dï¿½tail avec les quatre autres liens tels que ''afficher une grande image, etc'' utilisateurs affichages. Cliquez sur ''utilisateurs dï¿½tachement ï¿½. Dans l''ï¿½cran suivant vous pouvez consulter la liste des utilisateurs visï¿½s, tels que la vente, le souhaitez, vous propose etc Cliquez sur ""commentaires post sur l''utilisateur"" sur la partie supï¿½rieure de l''ï¿½cran. Dans l''ï¿½cran suivant entrez votre feedback et cliquez sur ""commentaires post ''\r\n\r\n\r\n\r\n<b>Voir commentaires</b>\r\n\r\nPour voir les rï¿½actions affichï¿½es contre vous cliquez sur ""Afficher les rï¿½troactionsï¿½ dans l''ï¿½cran ï¿½ venir seront left.The affiche tous les commentaires des utilisateurs contre les rï¿½actions de vue you.To cliquez dï¿½tails sur le titre contre la rï¿½troaction consï¿½cutive commentaires."\r\n'),
(97, 50, 5, 'gestionar Comentarios', '"Todos los usuarios registrados en este sitio tienen la opciï¿½n de publicar comentarios de otros usuarios.\r\n\r\n<b>publicar comentarios</b>\r\n\r\n     Para publicar informaciï¿½n sobre un usuario, primero hay que seleccionar la opciï¿½n del futuro usuario que desea comprar / swap (clic aquï¿½ para saber cï¿½mo seleccionar un elemento para la venta). La pantalla se muestra el prï¿½ximo tema en detalle con los otros cuatro enlaces tales como ""ver la imagen grande"", ""los usuarios anuncios '', etc. Haga clic en ""usuarios de desplazamientoï¿½. En la pantalla resultante se puede ver una lista de los usuarios previstos, tales como la venta, deseo, etc ofrece Haga clic en ""informaciï¿½n posterior sobre el usuario"" en la secciï¿½n superior de la pantalla. En la pantalla resultante ingresar sus comentarios y haga clic en ""retroalimentaciï¿½n post ''\r\n\r\n\r\n\r\n<b>Ver informaciï¿½n</b>\r\n\r\nPara ver la informaciï¿½n publicada en contra de usted, haga clic en ""Ver Opiniones"" en la pantalla de prï¿½xima left.The se muestra toda la informaciï¿½n de los usuarios en contra de comentarios Ver you.To en detalle, haga clic en el tï¿½tulo de informaciï¿½n contra la fila de informaciï¿½n."\r\n'),
(98, 50, 6, 'verwalten Sie Ihre Meinung', '"Alle Benutzer mit dieser Website registriert haben, die Mï¿½glichkeit, Feedback ï¿½ber andere Benutzer zu posten.\r\n\r\n<b>Beitrag Feedback</b>\r\n\r\n     Um Bewertungen abzugeben ï¿½ber einen Benutzer, mï¿½ssen Sie zuerst das Element der vorgesehenen Benutzer, den Sie kaufen mï¿½chten, / swap (Klicken Sie hier, zu wissen, wie man einen Artikel zum Verkauf auswï¿½hlen) wï¿½hlen. Die kommende Bildschirm zeigt die Position im Detail mit vier zusï¿½tzlichen Links wie ""Bild vergrï¿½ï¿½ern"", ""Benutzer Kommentare ''etc. Klicken Sie auf ""Benutzer Entsendung"". In den folgenden Bildschirm kï¿½nnen Sie die beabsichtigte Benutzer-Liste wie Verkauf sehen wollen, Angebote etc. auf ''post Feedback ï¿½ber den Benutzer ""auf dem oberen Teil des Bildschirms klicken. In den folgenden Bildschirm geben Sie Ihr Feedback und klicken Sie auf ''post Feedback ""\r\n\r\n\r\n\r\n<b>Bewertungen ansehen</b>\r\n\r\nUm die Rï¿½ckmeldung gegen dich posted on ''View Rï¿½ckmeldungen ""in den kommenden links.der Bildschirm Klick zeigt alle Benutzer-Feedback gegen you.To Blick Feedback im Detail klicken Sie auf Feedback-Titel gegen den Feedback-Reihe."\r\n'),
(99, 49, 2, 'Gï¿½rer les paiements ', 'Pour visualiser le paiement que vous avez fait pour acheter un article, il suffit de sï¿½lectionner le lien ï¿½Sommaire du compteï¿½. Dans l''ï¿½cran suivant, sï¿½lectionnez ï¿½Paiements Vente" (s''il vous plaï¿½t le changement dans le produit). Tous vos paiements peuvent ï¿½tre consultï¿½s depuis cette section. Notez que les paiements d''accepter les cartes de crï¿½dit. PayPal ne seront pas rï¿½pertoriï¿½s ici jusqu''ï¿½ ce que l''administrateur approuve la vente. Une fois l''ï¿½lï¿½ment demandï¿½ est livrï¿½ avec succï¿½s pour vous, n''oubliez pas de changer le statut remis ï¿½ ''oui''. Cela peut ï¿½tre fait lorsque vous sï¿½lectionnez le ï¿½livrï¿½ un lien proche de la ligne de paiement.\r\n'),
(100, 49, 5, 'gestionar los pagos ', 'Para ver el pago que haya hecho para comprar un artï¿½culo, sï¿½lo tienes que seleccionar el enlace "Resumen de cuenta". En la siguiente pantalla, seleccione "Pagos en venta" (por favor, el cambio en el producto). Todos los pagos se pueden ver desde esta secciï¿½n. Tenga en cuenta que los pagos de tarjetas de crï¿½dito. PayPal no serï¿½n listados aquï¿½ hasta que el administrador apruebe la venta. Una vez que el artï¿½culo solicitado se envï¿½a con ï¿½xito para usted, recuerde que debe cambiar el estado entregï¿½ a ''yes''. Esto se puede hacer cuando se selecciona la "entrega" situado cerca de la fila de pago.\r\n'),
(101, 49, 6, 'Zahlungen verwalten ', 'Um die Zahlung, die Sie gemacht, um einen Artikel zu erwerben sind, wï¿½hlen Sie einfach die "Account Summary"-Link. In dem folgenden Bildschirm wï¿½hlen Sie "Sale Payments" (please change in das Produkt). Alle Ihre Zahlungen kï¿½nnen aus diesem Abschnitt betrachtet werden. Beachten Sie, dass die Zahlungen akzeptieren Kreditkarten. PayPal wird hier nicht aufgefï¿½hrt werden, bis der Administrator genehmigt den Verkauf. Sobald der gewï¿½nschte Artikel wurde erfolgreich an Sie ausgeliefert, erinnern an den gelieferten Status auf ''Ja'' zu ï¿½ndern. Dies kann geschehen, wenn Sie die ''ausgeliefert'' Link in der Nï¿½he der Zahlung Reihe auszuwï¿½hlen.\r\n'),
(102, 48, 2, 'Changer le statut livrï¿½ ', '<b>Comment changer le statut de vente livrï¿½</b>\r\n   \r\n    Cliquez sur ""Rï¿½sumï¿½ du compte"" dans la section menu de gauche. Dans l''ï¿½cran, cliquez sur le suivi ""paiement Vente par moiï¿½. L''ï¿½cran affiche ï¿½ venir sera la vente de tous les paiements fait par vous. Cliquez sur ""Livrï¿½"" contre la ligne de paiement.\r\n\r\n<b>Comment changer swap / souhaitent ï¿½tat &#8203;&#8203;livrï¿½</b>\r\n\r\n    Cliquez sur ""mon stand"" dans la section menu du haut. Cliquez sur ''plus'' icï¿½ne sous l''offre mon "". L''ï¿½cran affiche ï¿½ venir sera tout votre swap / souhaitent offre. Cliquez sur le titre ï¿½ l''offre. Dans l''ï¿½cran suivant, vous pouvez changer le statut d''ï¿½tre livrï¿½ en cliquant simplement sur &#8203;&#8203;le ï¿½statut des changementsï¿½.\r\n'),
(103, 48, 5, 'Cambiar el estado de entrega ', '<b>Cï¿½mo cambiar el estado de venta entregado</b>\r\n   \r\n    Haga clic en ""Resumen de cuenta"" en la secciï¿½n de menï¿½ de la izquierda. En la pantalla, haga clic a continuaciï¿½n sobre ""Venta de pago por mï¿½"". La pantalla muestra todas las prï¿½ximas pagos venta hecha por usted. Haga clic en ""entregados"" en contra de la fila de pago.\r\n\r\n<b>ï¿½Cï¿½mo cambiar swap / deseo estado entregado</b>\r\n\r\n    Haga clic en ""mi stand ''en la secciï¿½n superior del menï¿½. Haga clic en ""mï¿½s"" icono en mi las ofertas. La pantalla muestra todas las prï¿½ximas a su swap / deseo de ofertas. Haga clic en el tï¿½tulo contra de la oferta. En la pantalla resultante se puede cambiar el estado para ser entregados con sï¿½lo hacer clic en ""Cambiar estado"".\r\n'),
(104, 48, 6, 'ï¿½ndern Auslieferungszustand ', '<b>So ï¿½ndern Sie verkaufen Auslieferungszustand</b>\r\n   \r\n    Klicken Sie auf ""Account Summary"" im linken Menï¿½ Abschnitt. In den folgenden Bildschirm klicken Sie auf ''Kaufen Zahlung durch mich. ""Die kommende Bildschirm zeigt alle Verkauf Zahlungen von Ihnen gemacht. Klicken Sie auf ""Delivered"" gegen die Zahlung Reihe.\r\n\r\n<b>So ï¿½ndern swap / wï¿½nschen Auslieferungszustand</b>\r\n\r\n    Klicken Sie auf ""meinem Stand"" in der oberen Menï¿½leiste Abschnitt. Klicken Sie auf ""mehr""-Symbol unter dem meine Angebote "". Die kommende Bildschirm zeigt alle Ihre Swap / Wunsch bietet. Klicken Sie auf den Titel gegen das Angebot ab. In den folgenden Bildschirm kï¿½nnen Sie den Status ï¿½ndern, um durch einen Klick auf den ''Status ï¿½ndern'' geliefert werden.\r\n'),
(105, 47, 2, 'Gestion des offres ', 'La partie mise en surbrillance ne fait aucun sens. Il devrait ressembler ï¿½ ceci: une fois que vous acceptez l''ordre que vous avez maintenant la possibilitï¿½ de payer directement au vendeur ou par l''intermï¿½diaire du site avec un droit d''entiercement, si vous choisissez d''entiercement ...\r\n'),
(106, 47, 5, 'gestionar las ofertas ', 'La parte resaltada no tiene sentido. Se debe tener este aspecto: Una vez aceptado el pedido, ahora tienen la opciï¿½n de pagar directamente al vendedor o por el sitio con una cuota de depï¿½sito en garantï¿½a, si usted elige fideicomiso ï¿½\r\n'),
(107, 47, 6, 'verwalten Angebote ', 'Der hervorgehobene Teil macht keinen Sinn. Es sollte wie folgt aussehen: Sobald Sie akzeptieren den Auftrag haben Sie nun die Mï¿½glichkeit, direkt an die Verkï¿½ufer oder ï¿½ber die Website mit einem Escrow-Gebï¿½hr, wenn Sie Treuhandkonto wï¿½hlen ï¿½\r\n'),
(108, 46, 2, 'Comment voulez un article avec ce site ', '"Le premier membre de ce site ajoute un ï¿½lï¿½ment de la volontï¿½ de la liste de vï¿½ux, d''ï¿½changer avec ou acheter en prï¿½cisant le titre, la description, le taux, photo le cas ï¿½chï¿½ant.\r\n\r\nLe second membre qui souhaitent ï¿½changer son poste pouvez cliquer sur la premiï¿½re liste des membres et faire une offre en fournissant son ï¿½lï¿½ment pour le swap et d''un montant qu''il wants.This mettra ï¿½ jour une nouvelle entrï¿½e dans son offre ma liste.\r\n\r\nLe premier membre reï¿½oit une nouvelle entrï¿½e dans son offre pour moi la liste. Il peut voir toute l''offre et de l''accepter ou de rejeter. Si le premier membre d''accepter l''offre, il / elle aura la possibilitï¿½ de payer directement au vendeur ou ï¿½ travers ce site avec un sï¿½questre. Si l''acheteur choisit d''entiercement, l''acheteur peut payer par carte de crï¿½dit, Paypal ou chï¿½que / mandat.\r\n\r\nSur rï¿½ception de la somme en rï¿½glement des membres section attente seconde peut expï¿½dier son ï¿½lï¿½ment au premier membre. Sur obtenir la confirmation du premier ï¿½lï¿½ment de la rï¿½ception correcte de l''article expï¿½diï¿½, l''administrateur clique sur le bouton de rï¿½gler les comptes pour effacer le rï¿½glement en cours du second membre."\r\n'),
(109, 46, 5, 'ï¿½Cï¿½mo desea un artï¿½culo con este sitio ', '"El primer miembro de este sitio agrega un elemento de deseo de la lista de deseos, para intercambiar con o compra, proporcionando el tï¿½tulo, descripciï¿½n, precio, foto, si los hubiere.\r\n\r\nEl segundo miembro que deseen cambiar su punto puede hacer clic en la lista de los primeros miembros y hacer una oferta al ofrecer su punto de intercambio y una cantidad que se actualizarï¿½ wants.This una nueva entrada en su lista ofrece.\r\n\r\nEl primer miembro obtiene una nueva entrada en su lista de ofertas para mï¿½. Se puede ver la oferta y aceptarla o rechazarla. Si el primer miembro de aceptar la oferta que ï¿½l / ella tendrï¿½ la opciï¿½n de pagar directamente al vendedor oa travï¿½s de este sitio con un depï¿½sito de garantï¿½a. Si el comprador elige depï¿½sito en garantï¿½a, el comprador puede pagar con tarjeta de crï¿½dito, PayPal o cheque / giro postal.\r\n\r\nAl recibir la cantidad de miembros hasta la secciï¿½n de soluciï¿½n de segundo puede enviar su artï¿½culo al primer miembro. Al llegar la confirmaciï¿½n del primer miembro de la recepciï¿½n correcta del artï¿½culo enviado, el administrador hace clic en el botï¿½n de la cuenta resolver para despejar el acuerdo pendiente de otro de sus miembros."\r\n'),
(110, 46, 6, 'Wie, um ein Element mit dieser Website mï¿½chten ', '"Das erste Mitglied mit dieser Website wird ein Element der Wunscherfï¿½llung auf die Wunschliste, mit Swap oder durch die Bereitstellung der Titel, Beschreibung, Preis, Foto, wenn alle kaufen.\r\n\r\nDas zweite Mitglied, das seine Position tauschen mï¿½chte, kann auf den ersten Mitgliedern Liste klicken und ein Angebot machen, indem er Artikel fï¿½r Swap-und eine Menge, die er wants.This wird ein neuer Eintrag in seinem meine Angebote Liste zu aktualisieren.\r\n\r\nDas erste Mitglied bekommt einen neuen Eintrag in sein Angebot fï¿½r mich aus. Er kann sehen das Angebot und es akzeptieren oder ablehnen. Wenn das erste Mitglied das Angebot annehmen wird er / sie die Mï¿½glichkeit haben, die Zahlung direkt an den Verkï¿½ufer oder durch diese Website mit einem Treuhandkonto. Wenn der Kï¿½ufer wï¿½hlt Treuhandkonto, Kï¿½ufer zahlen per Kreditkarte, PayPal oder Scheck / eine Zahlungsanweisung.\r\n\r\nNach Erhalt der Betrag in der anhï¿½ngigen Siedlung Abschnitt zweite Mitglied kann seine Position Schiff auf das erste Element. Auf immer Bestï¿½tigung das erste Mitglied von ordnungsgemï¿½ï¿½en Erhalt der gelieferten Artikel, klickt der Administrator die niederlassen Konto-Taste, um die ausstehende Regelung der zweite Mitglied klar."\r\n'),
(111, 45, 2, 'Gï¿½rer souhaits ', '<b>Ajouter votre article souhaitent</b>\r\n    Pour ajouter un ï¿½lï¿½ment que vous souhaitez, d''ï¿½changer avec ou acheter, cliquez sur ï¿½Ajouter ï¿½ la liste de souhaits"" sur l''article de menu ï¿½ gauche. Indiquez le titre, marque, prix etc.To savoir plus sur ce site souhaitent processus, cliquez ici Comment voulez un ï¿½lï¿½ment de ce site.\r\n\r\n<b>Modifier votre article souhaitent</b>\r\n    Pour visualiser / modifier souhaitent ï¿½lï¿½ment de cliquer sur ""mon stand"" sur l''article de menu supï¿½rieure. Cliquez sur ''Plus'' icï¿½ne dans la section plus tard le souhaitent. L''ï¿½cran affiche tous ï¿½ venir sera votre souhait de modification d''ï¿½lï¿½ments additions.To souhaitent ï¿½lï¿½ment cliquez sur le titre contre la volontï¿½ ï¿½lï¿½ment. Dans l''ï¿½cran Modifier suivi souhaitez plus de dï¿½tails et cliquez sur ""Update"". Pour supprimer un souhait article, cliquez sur ""Supprimer"". Comme un mot de prudence, s''il vous plaï¿½t assurez-vous que vous supprimez celui que vous avez l''intention puisque l''action est irrï¿½versible.\r\n'),
(112, 45, 5, 'gestionar deseo ', '<b>Aï¿½ade tu punto deseo</b>\r\n    Para agregar un elemento que desees, para intercambiar con o comprar, haga clic en ""Aï¿½adir a la lista de deseos"" en la secciï¿½n de menï¿½ de la izquierda. Proporcionar el tï¿½tulo, marca, precio etc.To saber mï¿½s sobre este sitio deseo proceso haga clic aquï¿½ ï¿½Cï¿½mo desea un artï¿½culo con este sitio.\r\n\r\n<b>Editar su artï¿½culo desea</b>\r\n    Para ver / editar desean tema haga clic en ''mi stand'' en la secciï¿½n superior del menï¿½. Haga clic en ""Mï¿½s"" icono en la secciï¿½n desea mï¿½s reciente adiciï¿½n. La pantalla muestra prï¿½ximo a todos sus deseos de elementos de ediciï¿½n additions.To desean tema, haga clic en el tï¿½tulo contra la voluntad de tema. En la pantalla de ediciï¿½n posterior deseo de detalles y haga clic en ""Actualizar"". Para borrar un deseo clic en el elemento en ""Borrar"". Como una palabra de advertencia, por favor asegï¿½rese de que estï¿½ eliminando la que tiene previsto ya que la acciï¿½n es irreversible.\r\n'),
(113, 45, 6, 'verwalten mï¿½chten ', '<b>Fï¿½gen Sie Ihren Wunsch Artikel</b>\r\n    Um einen gewï¿½nschten Artikel hinzufï¿½gen, um mit Swap oder kaufen, auf ''Zur Merkliste hinzufï¿½gen'' auf der linken Menï¿½bereich klicken. Geben Sie Titel-, Marken, Know Preis etc.To Informationen ï¿½ber diese Site wï¿½nschen Prozess Klicken Sie hier, wie Sie ein Element mit dieser Website mï¿½chten.\r\n\r\n<b>Bearbeiten Sie Ihre Wunsch Element</b>\r\n    Um view / edit wï¿½nschen Element klicken Sie auf ''meinem Stand ""auf Menï¿½feld. Klicken Sie auf ""Mehr""-Symbol unter dem aktuellen Wunsch zusï¿½tzlich Abschnitt. Das kommende Bildschirm zeigt alle Ihre Wï¿½nsche Element additions.To bearbeiten mï¿½chten Element auf Titel klicken Posten wollen. In den folgenden Bildschirm bearbeiten mï¿½chten Details und klicken Sie auf ''Update''. So lï¿½schen Sie einen Wunsch Element klicken Sie auf ''Lï¿½schen''. Als ein Wort der Vorsicht, stellen Sie bitte sicher, dass Sie lï¿½schen, die Sie haben gedacht, da die Aktion ist unumkehrbar.\r\n'),
(114, 44, 2, 'Comment ï¿½changer un item avec eSwap ', '\r\n"Le premier membre de ce site ajoute un ï¿½lï¿½ment d''ï¿½change ï¿½ sa liste de swap en prï¿½cisant le titre, description, tarif, photos ï¿½ventuelles et les frais d''expï¿½dition.\r\n\r\nLe second membre qui souhaitent ï¿½changer son poste pouvez cliquer sur la premiï¿½re liste des membres et faire une offre en fournissant son ï¿½lï¿½ment pour le swap et d''un montant qu''il estime ï¿½tre une diffï¿½rence de valeur avec les premiers membres postï¿½ ï¿½lï¿½ment.\r\n\r\nLe second membre reï¿½oit une nouvelle entrï¿½e dans son offre ma liste.\r\n\r\nLe premier membre reï¿½oit une nouvelle entrï¿½e dans sa liste des offres reï¿½ues. Il peut voir toute l''offre et de l''accepter ou de mettre une contre-offre.\r\n\r\nLe processus se poursuit ï¿½ un point oï¿½ les deux membres d''accord pour le transfert mutuel de goods.At ce point les informations utilisateur ï¿½ la fois des membres sont affichï¿½s et ils peuvent procï¿½der ï¿½ l''ï¿½lï¿½ment de transfert de physically.The postï¿½ est dï¿½placï¿½ vers la liste des articles ï¿½changï¿½s et ne seront pas ï¿½tre disponible pour ï¿½changer toute more.Both les membres recevront une installation pour fournir une rï¿½troaction de l''autre member.All mauvaise membres nominale peut ï¿½tre empï¿½chï¿½ de mï¿½tiers encore par l''administrateur.\r\n\r\nIl n''y a aucun frais exigï¿½s pour les annonces de swap. Il est ouvert ï¿½ tous les utilisateurs enregistrï¿½s"\r\n'),
(115, 44, 5, 'Cï¿½mo cambiar un elemento con eSwap ', '\r\n"El primer miembro de este sitio agrega un elemento de intercambio a su lista de intercambio, proporcionando el tï¿½tulo, descripciï¿½n, precio, fotos y si los gastos de envï¿½o.\r\n\r\nEl segundo miembro que deseen cambiar su punto puede hacer clic en la lista de los primeros miembros y hacer una oferta al ofrecer su punto de intercambio y una cantidad que se siente una diferencia de valor con los miembros por primera vez el punto.\r\n\r\nEl segundo miembro obtiene una nueva entrada en su lista ofrece.\r\n\r\nEl primer miembro obtiene una nueva entrada en su lista de ofertas recibidas. Se puede ver la oferta y aceptar o poner una contraoferta.\r\n\r\nEl proceso continï¿½a a un punto en el que ambos miembros estï¿½n de acuerdo para la transferencia mutua de goods.At este punto, la informaciï¿½n de los usuarios tanto de los miembros se muestran y que puede continuar con el tema publicado physically.The transferencia se mueve a la lista de los elementos cambiados y no se estar disponible para el bombeo de cualquier more.Both los miembros recibirï¿½n una instalaciï¿½n para proporcionar una retroalimentaciï¿½n de los otros miembros member.All mala calificaciï¿½n puede ser excluido de las operaciones de mï¿½s por el administrador.\r\n\r\nNo hay cargos necesarios para las listas de intercambio. Estï¿½ abierto para todos los usuarios registrados"\r\n'),
(116, 44, 6, 'Wie ein Element mit eSwap Swap ', '"Das erste Mitglied mit dieser Website wird ein Eintrag fï¿½r das Swap seine Swap-Liste, indem sie die Titel, Beschreibung, Preis, Foto, wenn jede und Versandkosten.\r\n\r\nDas zweite Mitglied, das seine Position tauschen mï¿½chte, kann auf den ersten Mitgliedern Liste klicken und ein Angebot machen, indem er Artikel fï¿½r Swap-und eine Menge, die er fï¿½hlt, ist ein Unterschied von Wert mit der ersten Mitglieder posted Element.\r\n\r\nDas zweite Mitglied erhï¿½lt einen neuen Eintrag in seinem meine Angebote Liste.\r\n\r\nDas erste Mitglied bekommt einen neuen Eintrag in seinem eingegangenen Angebote Liste. Er kann im Internet auf offer und akzeptieren lassen oder ein Gegenangebot unterbreitet.\r\n\r\nDer Prozess ist bis zu einem Punkt, wo beide Mitglieder stimmen fï¿½r die gegenseitige ï¿½bertragung von goods.At diesem Punkt dem Anwender Informationen sowohl der Mitglieder angezeigt werden und sie kï¿½nnen mit der ï¿½bertragung physically.The posted Artikel gehen zu tauschenden Artikel Liste verschoben wird fortgesetzt und wird nicht verfï¿½gbar sein fï¿½r den Austausch von jedem more.Both den Mitgliedern eine Mï¿½glichkeit erhalten, ein Feedback der anderen member.All schlecht bewertet Mitgliedern bieten kï¿½nnen von der weiteren Gewerke durch den Administrator gesperrt werden.\r\n\r\nEs gibt keine Gebï¿½hren fï¿½r die Swap-Liste erforderlich. Es ist fï¿½r alle registrierten Nutzer offen"\r\n'),
(123, 41, 2, 'edit Profile ', '"Pour modifier le profil, cliquez sur le lien ''Modifier le profil ï¿½dans le menu de gauche qui a suivi l''section.In modifier les dï¿½tails et cliquez sur"" Enregistrer les modifications ""\r\n\r\n\r\n<b>Changer le mot de passe</b>\r\n    Pour changer le mot de passe, cliquez sur ""Modifier profil"" lien dans le menu de gauche section.In l''ï¿½cran suivant entrez l''ancien mot de field.Enter le ''Ancien mot de passe ""nouveau mot de passe dans le champ'' Nouveau mot de passe"" et confirmez en le retapant dans le champ ï¿½Confirmer mot de passe ''. Les deux mots de passe doivent correspondre et le mot de passe sera mis ï¿½ jour le mot de passe nouvellement entrï¿½s."\r\n'),
(117, 43, 2, 'Gï¿½rer Swap ', '<b>Ajouter un ï¿½lï¿½ment pour le swap</b>\r\n\r\nPour ajouter un ï¿½lï¿½ment pour le swap, il suffit de sï¿½lectionner l''icï¿½ne ï¿½Ajouter Swap"" sur la section menu de gauche. Donner un titre, nom, prix, etc Si vous voulez en savoir plus sur le processus de permutation, puis il suffit de cliquer ici. ï¿½Comment ï¿½changer un article.\r\n\r\n<b>Modifier un ï¿½lï¿½ment de swap</b>\r\n\r\nPour afficher / modifier un ï¿½lï¿½ment d''ï¿½change, il suffit de sï¿½lectionner l''icï¿½ne ï¿½Mon stand sur la section menu du haut. Ensuite, sï¿½lectionnez le ''Plus'' icï¿½ne sous le dernier ajout de swap. L''ï¿½cran suivant permet d''afficher tous vos objets ï¿½ ï¿½changer.\r\n\r\nPour ï¿½diter un swap-sï¿½lectionner le titre ï¿½ proximitï¿½ de l''ï¿½lï¿½ment de swap. Dans l''ï¿½cran suivant, modifier les dï¿½tails du point de swap et sï¿½lectionnez ""Mettre ï¿½ jour ''.\r\n\r\nPour supprimer un swap de sï¿½lectionner ï¿½Supprimerï¿½. Comme un mot de prudence, s''il vous plaï¿½t assurez-vous supprimer les ï¿½lï¿½ments corrects car cette action est irrï¿½versible.\r\n'),
(118, 43, 5, 'administrar intercambio ', '<b>Aï¿½adir un elemento de intercambio</b>\r\n\r\nPara agregar un elemento de intercambio, sï¿½lo tienes que seleccionar el icono ""Agregar swap ''en la secciï¿½n de menï¿½ de la izquierda. Un tï¿½tulo, nombre, precio, etc Si quieres saber mï¿½s sobre el proceso de intercambio, entonces haga clic aquï¿½. ""Cï¿½mo Cambiar de un elemento.\r\n\r\n<b>Editar elemento de intercambio</b>\r\n\r\nPara ver / editar un elemento de intercambio, sï¿½lo tienes que seleccionar el icono ""Mi stand ''en la secciï¿½n superior del menï¿½. A continuaciï¿½n, seleccione ""Mï¿½s"" icono en la ï¿½ltima adiciï¿½n de intercambio. La siguiente pantalla mostrarï¿½ todos los artï¿½culos de intercambio.\r\n\r\nPara editar un swap-seleccionar el tï¿½tulo cerca del punto de intercambio. En la siguiente pantalla, editar los detalles del elemento de intercambio y seleccione ""Actualizar"".\r\n\r\nPara borrar un swap-seleccione ''Eliminar''. Como una palabra de advertencia, por favor asegï¿½rese de que elimina los elementos correctos, porque esta acciï¿½n es irreversible.\r\n'),
(119, 43, 6, 'verwalten von Swap- ', '<b>Setzen Sie einen Artikel fï¿½r Swap</b>\r\n\r\nUm einen Artikel zu tauschen, wï¿½hlen Sie einfach die ''Add Swap ""-Symbol auf der linken Menï¿½feld. Geben Sie einen Titel, Name, Preis, etc. Wenn Sie mehr ï¿½ber die Swap-Prozess wissen willst, dann klicken Sie einfach hier. ""Wie man ein Item Swap"".\r\n\r\n<b>Bearbeiten Swap Item</b>\r\n\r\nUm view / edit ein Element zu tauschen, wï¿½hlen Sie einfach unter ""Mein Booth""-Symbol in der oberen Menï¿½leiste Abschnitt. Wï¿½hlen Sie dann das ""Mehr""-Symbol unter dem aktuellen Swap-Zusatz. Der nï¿½chste Bildschirm zeigt alle Artikel zu tauschen.\r\n\r\nSo bearbeiten Sie eine Swap-wï¿½hlen Sie den Titel in der Nï¿½he des Swap-Position. In den folgenden Bildschirm, bearbeiten Sie die Swap-Artikel-Seite und wï¿½hlen Sie ""Aktualisieren"".\r\n\r\nSo lï¿½schen Sie eine Swap-Option ""Lï¿½schen"". Als ein Wort der Vorsicht, stellen Sie bitte sicher, dass Sie lï¿½schen die richtigen Elemente, weil diese Aktion nicht rï¿½ckgï¿½ngig gemacht werden.\r\n'),
(120, 42, 2, 'Gï¿½rer Vente ', '"Tous les utilisateurs enregistrï¿½s peuvent ajouter un ï¿½lï¿½ment ï¿½ la vente.\r\n\r\nAjouter un article ï¿½ vendre, pour ajouter un ï¿½lï¿½ment ï¿½ la vente avec ce site, il suffit de sï¿½lectionner le lien ï¿½Vente Ajouter ''dans la section menu de gauche. L''ï¿½cran suivant de fournir le titre, nom, prix, etc Vous pouvez ajouter un ï¿½lï¿½ment tel que prï¿½sentï¿½ par le paiement d''un montant nominal sur le site lui-mï¿½me. Un article prï¿½sentï¿½ montrera d''abord dans la liste de vente avec une apparence diffï¿½rente. Vous devez payer une commission trï¿½s nï¿½gligeable sur les articles en vente basï¿½e sur le prix demandï¿½. Si le montant de la vente est infï¿½rieur ï¿½ une valeur prï¿½dï¿½finie (100 $), alors pas de frais sont facturï¿½s. Pour en savoir plus sur le processus de vente, il suffit de cliquer ici. ï¿½Comment vendre avec ce site.""\r\n\r\nModifier l''article Vente ï¿½ voir / modifier sï¿½lectionnez ""Mon Booth"" sur le menu du haut. Sï¿½lectionnez le ''Plus'' icï¿½ne dans la section plus tard la vente. L''ï¿½cran ï¿½ venir permettra d''afficher tous vos ajouts vente. Pour modifier une vente, sï¿½lectionnez le titre de la rangï¿½e ï¿½ vendre. Dans l''ï¿½cran suivant, modifier les dï¿½tails de vente et de sï¿½lectionner ï¿½Updateï¿½ pour le finaliser.\r\n\r\nPour supprimer une vente-sï¿½lectionner ""Supprimer"". Comme un mot de prudence, s''il vous plaï¿½t assurez-vous que vous supprimez le bon article car cette action est irrï¿½versible."\r\n'),
(121, 42, 5, 'gestionar Venta ', '"Todos los usuarios registrados pueden agregar un elemento a la venta.\r\n\r\nAï¿½adir un artï¿½culo para la venta, para agregar un elemento a la venta con este sitio, sï¿½lo tienes que seleccionar el enlace ""Aï¿½adir Venta"" en la secciï¿½n de menï¿½ de la izquierda. La siguiente pantalla se deberï¿½ indicar el tï¿½tulo, nombre, precio, etc Usted puede agregar un elemento que aparece mediante el pago de un importe nominal de la misma obra. Un elemento destacado mostrarï¿½ por primera vez en la lista de venta con una apariencia diferente. Usted tiene que pagar una comisiï¿½n muy insignificante en la venta de artï¿½culos basados &#8203;&#8203;en el precio de venta. Si el importe de la venta es menor que una cantidad preestablecida ($ 100), entonces no se cobren honorarios. Para saber mï¿½s sobre el proceso de venta, haga click aquï¿½. ''Cï¿½mo vender con este sitio.\r\n\r\nEdiciï¿½n de Venta de Artï¿½culo para ver / editar seleccione la opciï¿½n ''Mi stand'' en el menï¿½ superior. Seleccione la opciï¿½n ''Mï¿½s'' icono en la secciï¿½n de venta mï¿½s reciente adiciï¿½n. La pantalla mostrarï¿½ todos los futuros de las adiciones a su venta. Para editar una venta, seleccione el tï¿½tulo cerca de la fila de venta. En la siguiente pantalla, editar los detalles de la venta y seleccione ''Actualizar'' para finalizarlo.\r\n\r\nPara eliminar una venta-seleccione ''Eliminar''. Como una palabra de advertencia, por favor asegï¿½rese de que estï¿½ eliminando el elemento de derecho ya que esta acciï¿½n es irreversible."\r\n'),
(122, 42, 6, 'verwalten Sale ', '"Alle registrierten Benutzer kï¿½nnen ein Objekt zu verkaufen.\r\n\r\nFï¿½gen Sie einen Artikel zum Verkauf-auf einen Artikel zum Verkauf mit dieser Website hinzuzufï¿½gen, wï¿½hlen Sie einfach die ''Add Sale ""-Link in der linken Menï¿½feld. Der folgende Bildschirm wird den Titel, Name, Preis, etc. Sie ein Element hinzufï¿½gen kann als durch Zahlung einer nominalen Betrag der Website selbst featured. Ein featured Artikel wird erst zeigen, in den Verkauf Auflistung mit einem anderen Aussehen. Sie haben eine sehr vernachlï¿½ssigt Provision auf den Verkauf Gegenstï¿½nde auf den geforderten Preis berechnet wird. Wenn der Betrag aus dem Verkauf ist weniger als eine vorgegebene Menge ($ 100), dann werden keine Gebï¿½hren erhoben. Um mehr zu erfahren ï¿½ber den Verkauf Prozess, klicken Sie einfach hier. ""Wie man mit dieser Website Sell"".\r\n\r\nBearbeiten Sale Item-to view / edit wï¿½hlen Sie die ''My Booth'' in der oberen Menï¿½leiste. Wï¿½hlen Sie das ""Mehr""-Symbol unter dem aktuellen Verkauf hinaus Abschnitt. Die kommende Bildschirm zeigt alle Ihre Verï¿½uï¿½erung Ergï¿½nzungen. So bearbeiten Sie einen Verkauf, wï¿½hlen Sie den Titel in der Nï¿½he der Verkauf Reihe. In den nï¿½chsten Bildschirm, bearbeiten den Verkauf Details und wï¿½hlen Sie ''Update'', um es fertig zu stellen.\r\n\r\nZum Lï¿½schen eines Sale-Option ""Lï¿½schen"". Als ein Wort der Vorsicht, bitte stellen Sie sicher, Sie lï¿½schen die richtige Position, da diese Aktion nicht rï¿½ckgï¿½ngig gemacht werden."\r\n'),
(124, 41, 5, 'editar perfil ', '"Para editar el perfil, haga clic en el enlace ""Editar perfil"" en el menï¿½ de la izquierda section.In la consiguiente editar los detalles y haga clic en ""Guardar cambios""\r\n\r\n\r\n<b>cambiar la contraseï¿½a</b>\r\n    Para cambiar la contraseï¿½a, haga clic en ''Editar perfil'' en el menï¿½ de la izquierda section.In la pantalla subsiguiente introduzca la contraseï¿½a antigua en field.Enter la ''Contraseï¿½a anterior'' la nueva contraseï¿½a en el campo ""Contraseï¿½a Nueva"" y confirmar que repitiï¿½ndola en el campo ""Confirm Password"". Tanto las contraseï¿½as deben coincidir con la contraseï¿½a y se actualizarï¿½n a la nueva contraseï¿½a introducidos."\r\n'),
(125, 41, 6, 'Profil bearbeiten ', '"So bearbeiten Sie Profil, auf ""Profil bearbeiten"" Link in der linken Navigation section.In der anschlieï¿½enden klicken Sie die Details bearbeiten und klicken Sie auf ""ï¿½nderungen speichern""\r\n\r\n\r\n<b>Passwort ï¿½ndern</b>\r\n    So ï¿½ndern Sie das Passwort ein, klicken Sie auf ""Profil bearbeiten""-Link im Menï¿½ links section.In den folgenden Bildschirm geben Sie das alte Passwort in der ""Old password ''field.Enter das neue Passwort in der"" New Password ""ein und bestï¿½tigen Sie es, indem Sie es in der ""Kennwort bestï¿½tigen"" ein. Sowohl die Passwï¿½rter sollten ï¿½bereinstimmen und das Passwort wird an die neu eingegebene Passwort aktualisiert."\r\n'),
(126, 40, 2, 'Connexion ', '"Pour accï¿½der ï¿½ la zone de ce site utilisateur, cliquez sur ï¿½Loginï¿½ lien dans la section menu du haut.\r\nEntrez le nom d''utilisateur et mot de passe. Sur vï¿½rifier vos rï¿½fï¿½rences correctement, vous serez redirigï¿½ vers le panneau principal. Panneau principal se divise en sept section.\r\n\r\n\r\nAjouts 1.Latest Vente Vos plus tard la vente peuvent ï¿½tre affichï¿½s et gï¿½rï¿½s ï¿½ partir de ce section.Maximum de cinq Outre la vente seront inscrits dans cette section. Si vous souhaitez gï¿½rer tous vos Outre la vente de cliquer sur ""plus"" icï¿½ne sur le coin infï¿½rieur droit.\r\nGï¿½rer Vente\r\nAjouts 2.Latest ï¿½changer votre dernier ajout de swap peut ï¿½tre affichï¿½es et gï¿½rï¿½es ï¿½ partir de ce section.Maximum plus de cinq swap seront rï¿½pertoriï¿½s dans cette section. Si vous souhaitez gï¿½rer tous vos ajouts swap de cliquer sur ""plus"" icï¿½ne sur le coin infï¿½rieur droit.\r\nGï¿½rer swap de\r\n3.Latest souhaitent ajouts Votre plus tard le souhaitent peuvent ï¿½tre affichï¿½es et gï¿½rï¿½es ï¿½ partir de ce section.Maximum de cinq dï¿½sirez plus seront rï¿½pertoriï¿½s dans cette section. Si vous souhaitez gï¿½rer tous vos ajouts souhaite cliquez sur ''plus'' icï¿½ne sur le coin infï¿½rieur droit.\r\nGï¿½rer souhaitent\r\n4.My Offres Toutes les offres d''ï¿½change / souhaitons que vous avez fait jusqu''ï¿½ prï¿½sent peuvent ï¿½tre consultï¿½s et de gï¿½rer ï¿½ partir de ce section.Maximum de cinq offres seront rï¿½pertoriï¿½s dans cette section. Si vous souhaitez gï¿½rer tous vos swap / souhaitez vous propose de cliquer sur ""plus"" icï¿½ne sur le coin infï¿½rieur droit.\r\nGestion des offres\r\n5.Offers pour moi tout swap / souhaitez vous propose pour vous peut ï¿½tre consultï¿½ et gï¿½rï¿½ ï¿½ partir de ce section.Maximum de cinq offres seront rï¿½pertoriï¿½s dans cette section. Si vous souhaitez gï¿½rer tous les swap / souhaitez vous propose de vous cliquez sur ""plus"" icï¿½ne sur le coin infï¿½rieur droit.\r\nGestion des offres\r\nVente 6.My Toutes les offres vente offre que vous avez fait jusqu''ici peuvent ï¿½tre affichï¿½es et gï¿½rï¿½es ï¿½ partir de ce section.Maximum de cinq offres de vente seront inscrits dans cette section. Si vous souhaitez gï¿½rer toutes vos offres de vente de cliquer sur ""plus"" icï¿½ne sur le coin infï¿½rieur droit.\r\nGestion des offres\r\n7.Sale Offres pour moi Tous les offres de vente pour vous peut ï¿½tre consultï¿½ et gï¿½rï¿½ ï¿½ partir de ce section.Maximum de cinq offres seront rï¿½pertoriï¿½s dans cette section. Si vous souhaitez gï¿½rer toutes les offres de vente que vous cliquez sur ""plus"" icï¿½ne sur le coin infï¿½rieur droit.\r\nGestion des offres"\r\n'),
(127, 40, 5, 'Inicio de sesiï¿½n ', '"Para acceder al ï¿½rea del sitio del usuario, haga clic en ""Iniciar sesiï¿½n"" enlace en la secciï¿½n superior del menï¿½.\r\nEscriba el nombre de usuario y contraseï¿½a. En la verificaciï¿½n de sus credenciales correctamente, se le redirigirï¿½ al panel principal. Panel principal se divide en siete secciï¿½n.\r\n\r\n\r\n1.Latest adiciones venta su mï¿½s reciente adiciï¿½n de venta pueden ser vistos y gestionados desde este section.Maximum Ademï¿½s de la venta cinco serï¿½n incluidos en esta secciï¿½n. Si quieres administrar todas tus ademï¿½s de la venta haga click en ""mï¿½s"" situado en la esquina inferior derecha.\r\nGestionar Venta\r\n2.Latest adiciones canje de su mï¿½s reciente adiciï¿½n de intercambio puede ser visto y manejado de esta section.Maximum Ademï¿½s de swap cinco serï¿½n incluidos en esta secciï¿½n. Si quieres administrar todas sus adiciones swap haga clic en ""mï¿½s"" situado en la esquina inferior derecha.\r\nAdministrar intercambio\r\n3.Latest desea adiciones Su ï¿½ltima incorporaciï¿½n desea se puede ver y administrar desde esta section.Maximum de cinco deseen Ademï¿½s se incluirï¿½n en esta secciï¿½n. Si quieres administrar todas sus adiciones desea hacer clic en ""mï¿½s"" situado en la esquina inferior derecha.\r\nGestionar desea\r\n4.My Ofertas Todas las ofertas de canje / deseo que usted ha hecho hasta el momento se pueden ver y gestionar desde este section.Maximum de cinco ofertas se incluirï¿½n en esta secciï¿½n. Si desea gestionar todos los swap / deseo ofrece haga clic en ""mï¿½s"" situado en la esquina inferior derecha.\r\nGestionar las ofertas\r\n5.Offers Para mï¿½ todos los swap / deseo ofrece para que usted puede ver y administrar desde esta section.Maximum de cinco ofertas se incluirï¿½n en esta secciï¿½n. Si desea administrar todos los swap / deseo ofrece para que usted haga clic en ""mï¿½s"" situado en la esquina inferior derecha.\r\nGestionar las ofertas\r\nVenta 6.My ofrece todas las ofertas de venta que ha realizado hasta el momento se puede ver y administrar desde esta section.Maximum de cinco ofertas de venta serï¿½n incluidos en esta secciï¿½n. Si quieres administrar todas sus ofertas de venta, haga clic en ""mï¿½s"" situado en la esquina inferior derecha.\r\nGestionar las ofertas\r\n7.Sale Ofertas para mï¿½ todas las ofertas de venta para usted puede ser visto y manejado de esta section.Maximum de cinco ofertas se incluirï¿½n en esta secciï¿½n. Si desea administrar todas las ofertas de venta para que usted haga clic en ""mï¿½s"" situado en la esquina inferior derecha.\r\nGestionar las ofertas"\r\n'),
(128, 40, 6, 'Logging in ', '"Zum Zugriff auf die dieser Website User-Bereich, klicken Sie auf ""Anmelden"" Link im oberen Menï¿½-Abschnitt.\r\nGeben Sie den Benutzernamen und das Passwort. Auf der ï¿½berprï¿½fung Ihrer Anmeldedaten korrekt, werden Sie zu den wichtigsten Panel umgeleitet werden. Main-Panel teilt sich in sieben Kapitel.\r\n\r\n\r\n1.Latest Sale Ergï¿½nzungen Ihre letzte Verkauf zusï¿½tzlich angezeigt und kï¿½nnen von diesem section.Maximum von fï¿½nf Verkauf Zusï¿½tzlich verwaltet werden in diesem Abschnitt aufgefï¿½hrt werden. Wenn Sie verwalten mï¿½chten all Ihren Verkauf hinaus auf ""mehr""-Symbol auf der rechten unteren Ecke klicken.\r\nVerwalten Sale\r\n2.Latest Swap Ergï¿½nzungen Ihre letzte Swap zusï¿½tzlich angezeigt und kï¿½nnen von diesem section.Maximum von fï¿½nf Swap Zusï¿½tzlich verwaltet werden in diesem Abschnitt aufgefï¿½hrt werden. Wenn Sie verwalten mï¿½chten all Ihre Swap-Ergï¿½nzungen auf ""mehr""-Symbol auf der rechten unteren Ecke klicken.\r\nVerwalten von Swap-\r\n3.Latest wï¿½nschen Ergï¿½nzungen Ihre letzte Wunsch zusï¿½tzlich angezeigt und kï¿½nnen von diesem section.Maximum von fï¿½nf verwaltet werden wollen zusï¿½tzlich in diesem Abschnitt aufgelistet. Wenn Sie verwalten mï¿½chten all Ihre Wï¿½nsche Ergï¿½nzungen auf ""mehr""-Symbol auf der rechten unteren Ecke klicken.\r\nVerwalten Sie wï¿½nschen\r\n4.My Angebote Alle swap / Wunsch bietet Ihnen bisher gemachten eingesehen werden darf und Verwaltung von dieser section.Maximum von fï¿½nf Angebote werden in diesem Abschnitt aufgefï¿½hrt werden. Wenn Sie alle Ihre Swap-manage / wï¿½nschen mï¿½chten, bietet Klick auf ""mehr""-Symbol auf der rechten unteren Ecke.\r\nVerwalten Sie bietet\r\n5.Bestellungen Fï¿½r mich All swap / mï¿½chten, bietet Ihnen eingesehen und verwaltet werden aus diesem section.Maximum von fï¿½nf Angebote werden in diesem Abschnitt aufgefï¿½hrt werden. Wenn Sie alle Swap verwalten wollen / mï¿½chten, bietet Ihnen auf ""mehr""-Symbol auf der rechten unteren Ecke klicken.\r\nVerwalten Sie bietet\r\n6.My Sale bietet All Verkauf bietet Ihnen so weit kann eingesehen werden gemacht haben und verwaltet diese section.Maximum von fï¿½nf Verkaufsangebote werden in diesem Abschnitt aufgefï¿½hrt werden. Wenn Sie verwalten mï¿½chten alle Ihre Verkaufsangebote klicken Sie auf ""mehr""-Symbol auf der rechten unteren Ecke.\r\nVerwalten Sie bietet\r\n7.Sale Angebote fï¿½r mich Alles verkaufen Angebote fï¿½r Sie angezeigt und verwaltet werden aus diesem section.Maximum von fï¿½nf Angebote werden in diesem Abschnitt aufgefï¿½hrt werden. Wenn Sie verwalten mï¿½chten alle Verkaufsangebote fï¿½r Sie auf ""mehr""-Symbol auf der rechten unteren Ecke.\r\nVerwalten Sie bietet"\r\n'),
(129, 39, 2, 'Inscrivez-vous ï¿½ Eswaps ', 'L''inscription ï¿½ cette plate-forme du site swapping est facile et rapide. Aller ï¿½ la page d''inscription (gï¿½nï¿½ralement ï¿½ http://yoursite.com/register.php) en supposant que le site est installï¿½ ï¿½ cet http://yoursite.com) et fournir les renseignements requis de base.\r\n'),
(130, 39, 5, 'Se registra en Eswaps ', 'Registrarse en la plataforma del sitio de intercambio es fï¿½cil y rï¿½pido. Ir a la pï¿½gina de registro (por lo general en http://yoursite.com/register.php), suponiendo que el sitio estï¿½ instalado en http://yoursite.com) y proporcionar la informaciï¿½n bï¿½sica requerida.\r\n'),
(131, 39, 6, 'Registrieren Sie sich bei Eswaps ', 'Die Anmeldung bei dieser Website Swapping-Plattform ist einfach und schnell. Gehen Sie auf die Registrierungsseite (typischerweise bei http://yoursite.com/register.php) unter der Annahme, dass die dieser Site http://yoursite.com installiert ist) und die erforderlichen Basisinformationen.\r\n'),
(140, 14, 5, '', ''),
(141, 14, 6, '', ''),
(142, 13, 2, '', ''),
(143, 13, 5, '', ''),
(144, 13, 6, '', ''),
(145, 61, 2, '', ''),
(146, 61, 5, '', ''),
(147, 61, 6, '', '');


--
-- Dumping data for table `eswap_lang`
--

INSERT INTO `eswap_lang` (`lang_id`, `lang_name`, `folder_name`, `flag_file`, `lang_status`, `country_abbrev`) VALUES
(1, 'English', 'en', '1309175744_flag.png', 'y', 'US,UK'),
(2, 'French', 'fr', '1309178676_flag.gif', 'y', 'FR'),
(5, 'Spanish', 'es', '1313581288_flag.png', 'y', 'ES'),
(6, 'German', 'de', '1313581399_flag.gif', 'y', 'DE');

--
-- Dumping data for table `eswap_lookup`
--

INSERT INTO `eswap_lookup` (`nLookUpCode`, `vLookUpDesc`) VALUES
('1', 'Cheque'),
('1', 'Demand Draft'),
('1', 'Cash'),
('2', '21232f297a57a5a743894a0e4a801fc3'),
('3', '0'),
('4', 'admin@test.com'),
('5', '1'),
('6', 'Friend/Relative'),
('6', 'Another Site'),
('6', 'Search Engine'),
('6', 'Newspaper Ad'),
('7', '0.99'),
('8', '100'),
('9', '0'),
('10', '0'),
('14', ''),
('15', '0'),
('16', '2020-01-01'),
('adminname', 'admin'),
('sitelogo', 'SiteLogo.png'),
('sitestyle', 'Green_living/style.css'),
('paypalemail', 'paypal@test.com'),
('paypalauthtoken', 'Auth Token'),
('paypalmode', 'TEST'),
('paypalsupport', 'YES'),
('authloginid', 'auth_login'),
('authloginpass', 'authpass'),
('authlogintranskey', 'authlogintrans'),
('authemail', 'auth@test.com'),
('authmode', 'TEST'),
('userapproval', '0'),
('authsupport', 'YES'),
('stripesupport','YES'),
('enablestripe','N'),
('stripedemo','YES'),
('stripepublic','stripe publickey'),
('stripekey','stripe secret key'),
('googleaddemo', 'yes'),
('googleadvalue', '<script type="text/javascript"><!--\r\n\r\ngoogle_ad_client = "pub-7632436558048787";\r\n\r\n/* iscriptsproducts */\r\n\r\ngoogle_ad_slot = "4366873216";\r\n\r\ngoogle_ad_width = 728;\r\n\r\ngoogle_ad_height = 90;\r\n\r\n//-->\r\n\r\n</script>\r\n\r\n<script type="text/javascript"\r\n\r\nsrc="http://pagead2.googlesyndication.com/pagead/show_ads.js">\r\n\r\n</script>\r\n\r\n'),
('bookmark_enable', 'Yes'),
('bookmark_value', '<script type="text/javascript" src="http://s7.addthis.com/js/250/addthis_widget.js#pubid=ajiabs"></script>\r\n<div class="addthis_button"></div>\r\n'),
('plan_system', 'no'),
('feedname', 'Yes'),
('surl', 'http://yoursite.com'),
('MaxOfImages', '3'),
('BannerDisplay', 'Yes'),
('ThumbToolTip', 'Yes'),
('SessionTimeout', '86400'),
('Enable Escrow', 'Yes'),
('yourpaysupport', 'NO'),
('yourpaymode', 'TEST'),
('yourpaystoreid', 'Store id'),
('yourpaypemfile', 'test.pem'),
('googlesupport', 'YES'),
('googlemode', 'TEST'),
('googleid', 'Google Id'),
('googlekey', 'Google Key'),
('currency', '$'),
('currencycode', 'USD'),
('otherpayment', 'YES'),
('vLicenceKey', '1234'),
('PointValue', '1'),
('EnablePoint', '2'),
('PointValue2', '2'),
('PointTransfer', '1'),
('freeTransactionsPerMonth', '0'),
('SuccessFee', '0'),
('language_by_ip', 'yes'),
('EscrowCommissionType', 'percentage'),
('EscrowFixed', '10'),
('Listing Type', '0'),
('enableworldpay', 'N'),
('worldpaydemo', 'NO'),
('worldpayid', 'Worldpayid'),
('worldpayemail', 'Worldpayemail'),
('worldpaytransmode', 'A'),
('PaymentMethod', 'CC'),
('enablebluepay', 'N'),
('bluepaydemo', 'YES'),
('bluepayid', 'Blue Pay ID'),
('bluepaykey', 'Blue Pay Key'),
('welcomeImage',NULL),
('secret_hash','secrethash'),
('smtp_host','smtp1.example.com'),
('smtp_email','user@example.com'),
('smtp_password','QfH9b5FbZrNOC74xAgctbQ=='),
('smtp_protocol','tls'),
('smtp_port','587'),
('encryption', 'AES-256-CBC'),
('sitename','Iscripts Eswap'),
('sitetitle','Swap Everything');


--
-- Dumping data for table `eswap_smilies`
--

INSERT INTO `eswap_smilies` (`nSId`, `vImgCode`, `vPath`) VALUES
(1, ':)', ''),
(2, ':(', ''),
(3, ';)', ''),
(4, ':D', ''),
(5, ';;)', ''),
(6, '>:D<', ''),
(7, ':X', ''),
(8, ';>', ''),
(9, ':?', ''),
(10, ':P', ''),
(11, ':-X', ''),
(12, '=((', ''),
(13, ':-O', ''),
(14, 'X(', ''),
(15, ';>', ''),
(16, 'B-)', ''),
(17, ':-S', ''),
(18, '#:-S', ''),
(19, '>:)', ''),
(20, ':((', ''),
(21, ':))', ''),
(23, '/:)', '');


--
-- Dumping data for table `eswap_content`
--



INSERT INTO `eswap_content` (
`content_id` ,
`content_name` ,
`content_type` ,
`content_status`
)
VALUES (
NULL , 'paypalEmailRequestToSeller', 'email', 'y'
);

--
-- Dumping data for table `eswap_content_lang`
--

INSERT INTO `eswap_content_lang` (
`content_lang_id` ,
`content_id` ,
`lang_id` ,
`content` ,
`content_title`
)
VALUES (
NULL , '42', '1', '<table class="maintext2" border="0" cellspacing="1" cellpadding="4" width="100%">                              
<tbody>                              
<tr bgcolor="#ffffff">                              
<td class="maintext2" align="left"><b>Payment Information</b></td> </tr>                              
<tr bgcolor="#ffffff">                              
<td width="21%" align="left">Sale of your items have been discontinued temporarily. Kindly update your Profile contact details with "PayPal EmailId"</td>  </tr>                               
<tr bgcolor="#ffffff">                              
<td colspan="2" align="left">Thank You,</td> </tr>                              
<tr bgcolor="#ffffff">                              
<td align="left">{SITE_NAME} Crew | {SITE_URL}</td> </tr> </tbody></table>        

', '{SITE_NAME} - Sale of your items have been discontinued temporarily'
);


 INSERT INTO `eswap_content_lang` (
`content_lang_id` ,
`content_id` ,
`lang_id` ,
`content` ,
`content_title`
)
VALUES (
'167', '42', '2', ' <b> conditions de vente</b> <table border="0" cellpadding="0" cellspacing="0"> <tbody> <tr> <td colspan="3" style="width: 576px; height: 0px;">  <p>Vente de vos articles ont &eacute;t&eacute; supprim&eacute;s temporairement. Veuillez mettre &agrave; jour vos coordonn&eacute;es avec le profil "Id Email  PayPal"</p> <p>Merci!</p> </td></tr> <tr> <td colspan="3" style="width: 576px; height: 0px;"> <p>{SITE_NAME} Crew. | {SITE_URL}</p> </td></tr></tbody></table> ',  '{SITE_NAME} - Vente de vos articles ont été supprimés temporairement'
);

 INSERT INTO `eswap_content_lang` (
`content_lang_id` ,
`content_id` ,
`lang_id` ,
`content` ,
`content_title`
)
VALUES (
'168', '42', '5', ' <table border="0" cellpadding="4" cellspacing="0" width="586"> <tbody> <tr> <td colspan="2"> <b>condiciones de venta</b> <p>La venta de sus  art&iacute;culos se han suspendido temporalmente. Por favor actualice sus datos de contacto con perfil "Identificaci&oacute;n del email PayPal"</p> <p>Gracias.</p>  </td></tr> <tr> <td colspan="2"> <p>{SITE_NAME} Tripulacion. | {SITE_URL}</p> <div><br /></div></td></tr></tbody></table> ', '{SITE_NAME} - La venta de sus artículos  se han suspendido temporalmente'
);


 INSERT INTO `eswap_content_lang` (
`content_lang_id` ,
`content_id` ,
`lang_id` ,
`content` ,
`content_title`
)
VALUES (
'169', '42', '6', ' <table border="0" cellpadding="0" cellspacing="0"> <tbody> <tr> <td colspan="3" style="width: 576px; height: 0px;"><b>Zahlungsinformationen</b><br  /><br />Verkauf Ihrer Artikel wurden vor&uuml;bergehend eingestellt. Bitte aktualisieren Sie Ihr Profil Kontaktdaten mit "PayPal Email Id"<br /><br />Vielen  Dank</td></tr> <tr> <td colspan="3" style="width: 576px; height: 0px;"> <p>{SITE_NAME} Crew | {SITE_URL}</p> </td></tr></tbody></table> ', '{SITE_NAME} - Verkauf Ihrer  Artikel wurden vorübergehend eingestellt'
);

INSERT INTO `eswap_content` (`content_name`, `content_type`, `content_status`) VALUES ('homebannertexts', 'page', 'y');

INSERT INTO `eswap_sliders` (`nSId`, `vName`, `vImg`, `nDate`, `vActive`, `vlocUrl`) VALUES
(1, 'Banner', 'slider1603438703.png', '2015-05-20', '1', NULL),
(2, 'Banner1', 'slider1603438724.png', '2015-05-20', '1', NULL);

INSERT INTO `eswap_client_module_category` (`nCategoryId`, `nParentId`, `vCategoryTitle`, `vCategoryFile`, `nCposition`, `vActive`, `nTmp_status`) VALUES (24, 21, 'Cashback', 'cashback.php', 'Footer', '1', '1');

INSERT INTO `eswap_content` (`content_id`, `content_name`, `content_type`, `content_status`) VALUES
(44, 'newofferReceived', 'email', 'y');

INSERT INTO `eswap_content_lang` (`content_lang_id`, `content_id`, `lang_id`, `content`, `content_title`) VALUES
(181, 44, 1, '\r\n      New offer has been received from {receiver_user_name}.Please login to view the offer details.<br /><br />The {SITE_NAME} Crew | {SITE_URL}<br />                      \r\n\r\n', 'New offer recieved at {SITE_NAME}');


INSERT INTO `eswap_content` (`content_id`, `content_name`, `content_type`, `content_status`) VALUES
(45, 'counterOfferReceived', 'email', 'y');



INSERT INTO `eswap_content_lang` (`content_lang_id`, `content_id`, `lang_id`, `content`, `content_title`) VALUES
(186, 45, 1, '\r\n  Counter offer has been received from {receiver_user_name}.Please login to view the offer details.<br /><br />The {SITE_NAME} Crew | {SITE_URL}                              \r\n\r\n', 'Counter offer recieved at {SITE_NAME}');


INSERT INTO `eswap_content_lang` (`content_lang_id`, `content_id`, `lang_id`, `content`, `content_title`) VALUES (187, 43, 1, '\r\nBut I must explain to you how all this is the ERCO.      \r\n\r\n', 'CREATE YOUR OWN SWAPPING SITE!');
INSERT INTO `eswap_content_lang` (`content_lang_id`, `content_id`, `lang_id`, `content`, `content_title`) VALUES (188, 43, 2, '\r\nMais je dois vous expliquer comment tout cela est le ERCO      \r\n\r\n', 'CREER VOTRE PROPRE Ã‰CHANGE SITE !');
INSERT INTO `eswap_content_lang` (`content_lang_id`, `content_id`, `lang_id`, `content`, `content_title`) VALUES (189, 43, 5, '\r\nPero debo explicar a usted c&Atilde;&sup3;mo todo esto es el ERCO      \r\n\r\n', 'Ã‚Â¡CREA TU PROPIO INTERCAMBIO SITIO!');
INSERT INTO `eswap_content_lang` (`content_lang_id`, `content_id`, `lang_id`, `content`, `content_title`) VALUES (190, 43, 6, '\r\nPero debo explicar a usted c&Atilde;&sup3;mo todo esto es el ERCO      \r\n\r\n', 'ERSTELLEN SIE IHR EIGENES SWAPPING -SITE!');
